Jak X: Combat Racing {Sony}	Jet Set Radio {Sega}	Jet Set Radio Future {Sega}	Jeanne d'Arc {History}	Jetpack Joyride {Indie}	JoJo's Bizarre Adventure: Heritage for the Future {Shōnen Jump}	Jordan vs. Bird: One on One {Basketball}	Jump Super Stars {Shōnen Jump}	Jump Ultimate Stars {Shōnen Jump}	Justice League Heroes {DC}	Justice League Task Force {DC}	Katamari Forever {Namco}	Katekyō Hitman Reborn! DS Flame Rumble X - Mirai Chou-Bakuhatsu!! {Shōnen Jump}	Kelly Slater's Pro Surfer {Xtreme}	The King of Fighters '94 {SNK}	The King of Fighters '95 {SNK}	The King of Fighters '96 {SNK}	The King of Fighters '97 {SNK}	The King of Fighters '98 {SNK}	The King of Fighters '99 {SNK}	The King of Fighters 2000 {SNK}	The King of Fighters 2001 {SNK}	The King of Fighters 2002 {SNK}	The King of Fighters 2003 {SNK}	The King of Fighters XI {SNK}	The King of Fighters XII {SNK}	The King of Fighters XIII {SNK}	King of the Monsters {SNK}	Kirby's Dream Land 3 {Nintendo}	Kinect Rush: A Disney/Pixar Adventure {Disney}	Kingdom Hearts: 358/2 Days {Disney}{Square}	Kirby 64: The Crystal Shards {Nintendo}	Kirby's Return to Dreamland {Nintendo}	Kizuna Encounter {SNK}	Klonoa Beach Volleyball {Namco}	Knights of the Round {Capcom}{Mythology}	Knuckles' Chaotix {Sega}	"KOF Maximum Impact Regulation ""A"" {SNK}"	Konami Krazy Racers {Konami}	Konami Wai Wai World {Konami}{Mythology}	Konami Wai Wai World 2: SOS!! Parsley Jō {Konami}	Kong: The 8th Wonder of the World {Mythology}	Krazy Kart Racing {Konami}	Kung Fu Panda: Legendary Warriors {DreamWorks}	La Pucelle: Tactics {Nippon Ichi}	The Last Blade (Playstation) {SNK}	The Last Blade 2 (Dreamcast) {SNK}	Left 4 Dead 2 {Valve}	The Legend of Zelda: Majora's Mask {Nintendo}	The Legend of Zelda: The Wind Waker {Nintendo}	The Legend of Zelda: Phantom Hourglass {Nintendo}	Lee Trevino's Fighting Golf {Golf}	LEGO Batman: The Videogame {DC}	LEGO Batman 2: DC Super Heroes {DC}	LEGO Indiana Jones 2: The Adventure Continues {Lucas}{Mythology}	LEGO Star Wars: The Complete Saga {Lucas}	LEGO Star Wars III: The Clone Wars (PC/Console) {Lucas}	LEGO Star Wars III: The Clone Wars (Portable) {Lucas}	Looney Tunes Racing {Looney Tunes}	Lost Planet 2 {Capcom}{Epic}	Ultimate Muscle: Legends vs. New Generation {Shōnen Jump}	Madagascar Kartz {DreamWorks}	Makai Kingdom (PSP) {Nippon Ichi}	Mana Khemia 2: Fall of Alchemy {Idea Factory}	Mario & Luigi: Superstar Saga {Nintendo}	Mario & Sonic at the Olympic Winter Games {Sega}	Mario Golf (N64) {Nintendo}	Mario Golf (GBC) {Nintendo}	Mario Golf: Advance Tour {Nintendo}	Mario Tennis: Power Tour {Nintendo}	Mario Hoops 3-on-3 {Nintendo}{Square}	Super Mario Kart {Nintendo}	Mario Kart: Double Dash!! {Nintendo}	Mario Kart DS {Nintendo}	Mario Kart Wii {Nintendo}	Mario Kart 7 {Nintendo}	Mario Kart Arcade GP 2 {Nintendo}	Mario Kart Arcade GP DX {Nintendo}	Mario Party 6 {Nintendo}	Mario Party 8 {Nintendo}	Mario Party 9 {Nintendo}	Mario Sports Mix {Nintendo}	Marvel Avengers: Battle for Earth {Marvel}	Marvel Heroes {Marvel}	Marvel Nemesis: Rise of the Imperfects (Console/DS) {Marvel}	Marvel Nemesis: Rise of the Imperfects (PSP) {Marvel}	Marvel Super Hero Squad {Marvel}	Marvel Super Heroes {Marvel}	Marvel Super Heroes vs. Street Fighter {Capcom}{Marvel}	Marvel vs. Capcom: Clash of Super Heroes {Capcom}{Marvel}	Marvel vs. Capcom 2: New Age of Heroes {Capcom}{Marvel}	Ultimate Marvel vs. Capcom 3: Fate of Two Worlds {Capcom}{Marvel}{Mythology}	Marvel Super Hero Squad {Marvel}	Marvel Super Hero Squad: The Infinity Gauntlet {Marvel}	Marvel: Ultimate Alliance (PSP) {Marvel}	Marvel: Ultimate Alliance (Xbox 360) {Marvel}	Marvel: Ultimate Alliance 2 (PS2/PSP/Wii) {Marvel}	Marvel: Ultimate Alliance 2 (PS3/X360) {Marvel}	Marvel: Ultimate Alliance 2 (DS) {Marvel}	Mat Hoffman's Pro BMX {Xtreme}	Medal of Honor {EA}{History}{Mythology}	Medal of Honor: Underground {Reality}{History}{EA}{Mythology}	Mega Man Battle Chip Challenge {Capcom}	Mega Man Powered Up {Capcom}	Mega Man's Soccer {Capcom}	Mega Man: Battle & Chase {Capcom}	Mega Man Maverick Hunter X {Capcom}	Mega Man X8 {Capcom}	Mega Man X: Command Mission {Capcom}	Mega Man Zero 3 {Capcom}	Mercenaries: Playground of Destruction {Lucas}	Mercenaries 2: World in Flames {Lucas}{Politics}	Metal Gear Solid: Portable Ops Plus {Konami}	Metal Gear Solid 3: Subsistence {Konami}	Metal Gear Online {Konami}	Metal Slug 4 {SNK}	Metal Slug XX {SNK}	Metal Slug Mobile 4 {SNK}	Metroid Prime Hunters {Nintendo}	Mickey's Speedway {Disney}	Minecraft: Xbox 360 Edition {Indie}{Bungie}{Rare}{Valve}{Lionhead}{Epic}{Ubisoft}{Gearbox}{BioWare}{Mythology}{Xtreme}{Mojang}	The Misadventures of Tron Bonne {Capcom}	Mobile Golf {Nintendo}	ModNation Racers {Sony}	Mortal Kombat: Armageddon {Midway}	Mortal Kombat vs. DC Universe {Midway}{DC Comics}	Mortal Kombat (2011) {Midway}{Sony}	Mother 3 {Nintendo}	Mystical Ninja Starring Goemon {Konami}	Namco X Capcom {Namco}{Mythology}{Capcom}	Naruto: Ultimate Ninja 2 {Shōnen Jump}	Naruto: Ultimate Ninja 5 {Shōnen Jump}	Naruto Shippūden: Ultimate Ninja Heroes 3 {Shōnen Jump}	Naruto Shippūden: Ultimate Ninja Impact {Shōnen Jump}	Naruto Shippūden: Ultimate Ninja Storm 2 {Shōnen Jump}{Namco}	Naruto Shippūden: Ultimate Ninja Storm 3 {Shōnen Jump}	Naruto: Konoha Senki {Shōnen Jump}	Naruto Shippūden: Shinobi Rumble {Shōnen Jump}	Naruto: Clash of Ninja 2 {Shōnen Jump}	Naruto: Gekitō Ninja Taisen! 4 {Shōnen Jump}	Naruto Shippūden: Gekitō Ninja Taisen! Special {Shōnen Jump}	Naruto Shippūden: Clash of Ninja Revolution 3 {Shōnen Jump}	Naruto: Shinobi no Sato no Jintori Kassen {Shōnen Jump}	NBA Jam: Tournament Edition (SNES) {Basketball}{Politics}{Music}	NBA Jam (Wii) {Basketball}{Politics}	NBA Steet V3 (GameCube) {Basketball}{Nintendo}	Neo Geo Battle Coliseum {SNK}	New International Track & Field {Konami}	Nicktoons: Attack of the Toybots {Nickelodeon}	Nicktoons: Battle for Volcano Island {Nickelodeon}	Nicktoons: Freeze Frame Frenzy {Nickelodeon}	Nicktoons MLB {Nickelodeon}{Baseball}	Nicktoons Nitro {Nickelodeon}	Nicktoons Winners Cup Racing {Nickelodeon}	Nina Williams in: Death By Degrees {Namco}	Ninja Gaiden Σ2 {Tecmo}	One Piece: Grand Line Dream Adventure Log {Shōnen Jump}	One Piece: Going Baseball {Shōnen Jump}	One Piece: Gear Spirit {Shōnen Jump}	One Piece: Gigant Battle! 2 New World {Shōnen Jump}	One Piece: Grand Battle! 2 {Shōnen Jump}	One Piece: Ocean's Dream! {Shōnen Jump}	One Piece Grand Battle 3 {Shōnen Jump}	One Piece: Pirate Warriors 2 {Shōnen Jump}	Onimusha Blade Warriors {Capcom}	Otogi 2: Immortal Warriors {From}	Pac-Man Fever {Namco}	Pac-Man World Rally {Namco}	Pain {Reality}{Music}{Sony}	Paper Mario {Nintendo}	Paper Mario: The Thousand-Year Door {Nintendo}	Paper Mario: Sticker Star {Nintendo}	Perfect Dark Zero {Rare}	Pikmin 2 {Nintendo}	Plasma Sword: Nightmare of Bilstein {Capcom}	PlayStation All-Stars Battle Royale {Sony}{Konami}	PlayStation Move Heroes {Sony}	Pokémon Mystery Dungeon: Blue Rescue Team {Nintendo}	Pokémon Mystery Dungeon: Explorers of Sky {Nintendo}	Pokémon Mystery Dungeon: Keep Going! Blazing Adventure Squad! {Nintendo}	Pokémon Mystery Dungeon: Let's Go! Stormy Adventure Squad! {Nintendo}	Pokémon Mystery Dungeon: Go For It! Light Adventure Squad! {Nintendo}	Pokémon Mystery Dungeon: Gates to Infinity {Nintendo}	Pokémon Party mini {Nintendo}	Pokémon Stadium {Nintendo}	Pokémon Stadium 2 {Nintendo}	Pokémon Yellow: Special Pikachu Edition {Nintendo}	The Political Machine {History}{Politics}	The Political Machine 2008 {History}{Politics}	The Political Machine 2012 {History}{Politics}	Power Rangers Samurai {Bandai}	Professor Layton vs. Ace Attorney {Capcom} {Level 5}	Project X Zone {Namco}{Capcom}	Quake III Arena {id}	Rap Jam: Volume One {Music}	Raskulls {Indie}{Destructoid}	Ratchet & Clank: All 4 One {Sony}	Ready 2 Rumble Boxing {Midway}	Ready 2 Rumble Boxing: Round 2 {Midway}{Music}{Basketball}{Politics}	Real Bout Fatal Fury {SNK}	Real Bout Fatal Fury Special {SNK}	Red Earth {Capcom}	Resident Evil 2 {Capcom}	Resident Evil 4 {Capcom}	Resident Evil 5 {Capcom}	Resident Evil 6 (PC) {Capcom}{Valve}	Resident Evil: The Mercenaries 3D {Capcom}	Resident Evil: The Umbrella Chronicles {Capcom}	Resonance of Fate {Sega}	Retro City Rampage {Indie}{Destructoid}{Mojang}	Rival Schools: United by Fate {Capcom}	Rocket Power: Gettin' Air {Nickelodeon}	Rockman EXE 4.5 Real Operation {Capcom}	Rockman EXE Battle Chip Stadium {Capcom}	Rockman Gold Empire {Capcom}	Rokudenashi Blues {Shōnen Jump}	Rugrats: Royal Ransom {Nickelodeon}	Rugrats: All Growed-Up {Nickelodeon}	Rumble Roses {Konami}	Rurouni Kenshin: Meiji Kenyaku Romantan - Ishin Gekitouhen {Shōnen Jump}	Rurouni Kenshin RPG : The Ten Warriors Conspiracy {Shōnen Jump}
Jak	Beat	A.KU.MU	Jeanne d'Arc	Barry Steakfries	Kakyouin Noriaki	Michael Jordan	Eve (Black Cat)	Eve (Black Cat)	Batman	Aquaman	Ace (Katamari Damacy)	Baishana	Kelly Slater	Andy Bogard	Andy Bogard	Andy Bogard	Andy Bogard	Andy Bogard	Andy Bogard	Andy Bogard	Andy Bogard	Andy Bogard	Ash Crimson	Ash Crimson	Andy Bogard	Andy Bogard	Geon	Kirby	Mr. Incredible	Roxas	Kirby	Kirby	Sho Hayate	Klonoa	Arthur Pendragon	Knuckles the Echidna	Alba Meira	Goemon	Konami Man	Rickle	Jack Driscoll	Frogger	Po (Kung Fu Panda)	Priere	Kaede (Last Blade)	Kaede (Last Blade)	Coach (L4D)	Link (OoT)	Link (WW)	Link (WW)	Lee Trevino	Batman	Alfred Pennyworth	Indiana Jones	4-LOM	Obi-Wan Kenobi	Obi-Wan Kenobi	Bugs Bunny	Marcus Fenix	Baron Maximillion	Alex (Madagascar)	Zetta	Razeluxe Meitzen	Mario	Knuckles the Echidna	Plum	Gene Yuss	Mario	Max (Mario Tennis)	Mario	Mario	Birdo	Bowser	Birdo	Bowser	Pac-Man	Bowser	Mario	Mario	Mario	Mario	Black Widow	Black Panther	Elektra	Elektra	Iron Man	Blackheart	Apocalypse	Captain America	Blackheart	Captain America	Captain America	Hulk	Black Panther	Black Panther	Captain America	Captain America	Captain America	Mat Hoffman	Manon Batiste	Manon Batiste	Lan Hikari	Mega Man	Mega Man	Mega Man	Mega Man X	Mega Man X	Mega Man X	Zero	Christopher Jacobs	Christopher Jacobs	Naked Snake	Naked Snake	Solid Snake	Marco Rossi	Marco Rossi	Clark Still	Samus Aran	Mickey Mouse	Steve Minecraft	Tron Bonne	Ken (Mario Golf)	Kratos	Ashrah	Sub-Zero	Scorpion (Mortal Kombat)	Lucas	Goemon	Reiji Arisu	Chōji Akimichi	Anko Mitarashi	Asuma Sarutobi	A	Asuma Sarutobi	A	Chōji Akimichi	Deidara	Naruto Uzumaki	Akamaru	A	Anko Mitarashi	Haku	Moosekat	9th Wonder	Ad-Rock	Kyo Kusanagi	Yoko (Track & Field)	SpongeBob SquarePants	SpongeBob SquarePants	SpongeBob SquarePants	Aang	SpongeBob SquarePants	SpongeBob SquarePants	Nina Williams	Ryu Hayabusa	Alvida	Alvida	Brook	Bartholomew Kuma	Alvida	Monkey D. Luffy	Bentham	Bartholomew Kuma	Zero	Raikoh	Heihachi Mishima	Pac-Man	David Hasselhoff	Mario	Gombella	Mario	Joanna Dark	Captain Olimar	Dr. Edward Bilstein	Big Daddy	Jak	Bulbasaur	Bulbasaur	Charmander	Squirtle	Pikachu	Snivy	Pikachu	Pikachu	Pikachu	Red (Pokémon)	Barbara Bush	Bill Clinton	Joe Biden	Red Samurai Ranger	Phoenix Wright	Kogoro Tenzai	Doomguy	Queen Latifah	Raskull King	Ratchet	Afro Thunder	Afro Thunder	Andy Bogard	Andy Bogard	Leo (Red Earth)	Leon S. Kennedy	Leon S. Kennedy	Chris Redfield	Chris Redfield	Chris Redfield	Rebecca Chambers	Leanne	The Player (Retro City Rampage)	Hideo Shimazu	Otto Rocket	MegaMan.EXE	MegaMan.EXE	Mega Man	Maeda Taison	Tommy Pickles	Tommy Pickles	Aigle	Himura Kenshin	Hijiri
Daxter	Pots	Beat	Roger (Jeanne d'Arc)	Phil Larsen	 Muhammed Abdul	Larry Bird	Ichigo Kurosaki	Train Heartnet	Wally West	Batman	Ban-Ban	Basil	Tony Hawk	Athena Asamiya	Athena Asamiya	Athena Asamiya	Athena Asamiya	Athena Asamiya	Athena Asamiya	Athena Asamiya	Angel (King of Fighters)	Angel (King of Fighters)	Athena Asamiya	Athena Asamiya	Ash Crimson	Ash Crimson	Woo	Gooey	Remy (Ratatouille)	Axel	King Dedede	Meta Knight	"
Rosa (Savage Reign)"	Lolo (Klonoa)	Sir Lancelot	Espio the Chameleon	Soiree Meira	Takosuke	Konami Lady	Goemon	Carl Denham	Dracula	Shifu (Kung Fu Panda)	Culotte (La Pucelle)	Moriya Minakata	Moriya Minakata	Ellis (L4D)	Kafei	Tingle	Gongoron	Pretty Amy	Tim Drake	Aquaman	Mutt Williams	Admiral Ackbar	Anakin Skywalker	Anakin Skywalker	Daffy Duck	Dom Santiago	Bone Cold	Marty (Madagascar)	Pram	Ulrika Mulberry	Luigi	Bowser	Charlie (Mario Golf)	Grace (Mario Golf)	Princess Peach	Tina (Mario Tennis)	Luigi	Luigi	Bowser	Donkey Kong III	Bowser	Donkey Kong III	Ms. Pac-Man	Don-Chan	Luigi	Luigi	Luigi	Luigi	Captain America	Black Widow	Iron Man	Iron Man	Thor	Juggernaut	Akuma	Captain Commando	Akuma	Akuma	Falcon (Marvel)	Captain America	Blade	Blade	Hulk	Hulk	Hulk	Mike Escamilla	Jimmy Patterson	Jimmy Patterson	MegaMan.EXE	Roll	Proto Man	Roll	Vile	Zero	Zero	Ciel	Jennifer Mui	Jennifer Mui	Null	Ivan Raidenovitch Raikov	Johnny Sasaki	Fio Germi	Tarma Roving	Leona Heidern	Sylux	Minnie Mouse	Splosion Man	Teisel Bonne	Napple (Mario Golf)	Ratchet	Baraka	Batman	Liu Kang	Boney	Ebisumaru	Xiaomu	Dotō Kazahana	Asuma Sarutobi	Chiyo	Danzō Shimura	Chiyo	Asuma Sarutobi	Dosu Kinuta	Fukasaku	Sasuke Uchiha	Anko Mitarashi	Anko Mitarashi	Asuma Sarutobi	Iruka Umino	Stud Muffin	Ad-Rock	Antawn Jamison	Iori Yagami	Kiko (Track & Field)	Patrick Star	Patrick Star	Timmy Turner	Gaz	Danny Phantom	Timmy Turner	Anna Williams	Ayane	Arlong	Arlong	Crocodile	Boa Hancock	Arlong	Nami	Crocodile	Boa Hancock	MegaMan.EXE	Kintoki	Tiger Jackson	Ms. Pac-Man	Andy Dick	Goombario	Koops	Kersti	Chandra Sekhar	Louie (Pikmin)	Blood Barbarians	Cole MacGrath	Daxter	Charmander	Charmander	Vulpix	Totodile	Meowth	Tepig	Slowking	Clefairy	Golbat	Pikachu	George Bush	Hillary Clinton	Hillary Clinton	Pink Samurai Ranger	Professor Hershel Layton	Mii Kouryuuji	Anarki	Jose	Raskull Dragon	Clank	"Angel ""Raging"" Rivera"	Selene Strike	Billy Kane	Billy Kane	Kenji (Red Earth)	Claire Redfield	Ada Wong	Sheva Alomar	Leon S. Kennedy	Jill Valentine	Billy Coen	Zephyr	Meat Boy	Kyoko Minazuki	Reggie Rocket	Roll.EXE	HeatMan.EXE	Bass	Hadanaga Yudaro	Chuckie Finster	Chuckie Finster	Aisha	Sagara Sanosuke	Hikaru
Pecker (Jak & Daxter)	Mew (Jet Set Radio)	Boogie	Bertrand (Jeanne d'Arc)		 Jotaro Kujo		Bobobo-bo Bo-bobo	Ichigo Kurosaki	Green Lantern (John Stewart)	Wally West	Beyond (Katamari Damacy)	Belphegor	Lisa Andersen	Benimaru Nikaido	Benimaru Nikaido	Benimaru Nikaido	Benimaru Nikaido	Benimaru Nikaido	Bao	Bao	Athena Asamiya	Athena Asamiya	Benimaru Nikaido	Benimaru Nikaido	Athena Asamiya	Athena Asamiya	Astro Guy		Russell (UP)	Demyx	Waddle Dee	King Dedede	Max Eagle	Popka	Sir Perceval	Vector the Crocodile	Kyo Kusanagi	Dracula	Goemon	Simon Belmont III	Ann Darrow	Sparkster (Rocket Knight Adventures)	Tigress (Kung Fu Panda)	Alouette (La Pucelle)	Yuki (Last Blade)	Yuki (Last Blade)	Nick (L4D)		Makar		Miracle Chosuke	Alfred Pennyworth	Azrael (DC)	Marion Ravenwood	Anakin Skywalker	Padme Amidala	Padme Amidala	Lola Bunny	Albert Wesker	Brocken Jr.	Gloria (Madagascar)	King Drake the Third	Liliane Vehlendorf	Popple	Vector the Crocodile	Princess Peach	Luigi	Yoshi	Sophia (Mario Tennis)	Princess Peach	Princess Peach	Bowser Jr.	Dry Bones	Bowser Jr.	Honey Queen	Blinky	Donkey Kong III	Princess Peach	Princess Peach	Princess Peach	Yoshi	Doctor Strange	Cable	Magneto	Magneto	Captain America	Captain America	Blackheart	Gambit	Cable	Deadpool	Hulk	Bucky (Marvel)	Daredevil	Daredevil	Iron Man	Iron Man	Iron Man	Cory Naztazio	Wernher von Braun	Philippe Pétain	Dex Oyama	Proto Man	Enker	Proto Man		Axl	Axl	Copy X	Mattias Nilsson	Mattias Nilsson	EVA	Nikolai Stepanovich Sokolov	Mei Ling	Trevor Spacey	Fio Germi	Roberto	Spire	Donald Duck	Scientist Danklef		Thread (Mario Golf)	Clank	Blaze (Mortal Kombat)	Scorpion (Mortal Kombat)	Kung Lao	Duster	Sasuke (Mystical Ninja)	Arthur Pendragon	Gaara	Chiyo	Chōji Akimichi	Deidara	Chōji Akimichi	Chiyo	Gaara	Itachi Uchiha	Sakura Haruno	Chōji Akimichi	Asuma Sarutobi	Baki	Kakashi Hatake	Hillary Rodham Clinton	Al Gore	Baron Davis	K'	Kang (Track & Field)	Danny Phantom	Danny Phantom	Otto Rocket	Dudley Puppy	Jimmy Neutron	Jimmy Neutron		Momiji	Buggy	Bellamy	Dracule Milhawk	Borsalino	Bentham	Nico Robin	Enel	Borsalino	Samanosuke Akechi	Suetake	Pac-Man	Jr. Pac-Man	George Takei	Kooper	Madame Flurrie		Jack Dark		Gamof Gohgry	Colonel Radec	Ratchet	Squirtle	Squirtle	Growlithe	Wooper	Psyduck	Oshawott	Chansey	Sandshrew	Crobat		George W. Bush	John Edwards	Al Franken	Green Samurai Ranger		Chris Redfield	Angel (Quake)	Mike (Rap Jam)	Raskull Ninja	Captain Qwark	Big Willy Johnson	"Boris ""The Bear"" Knokimov"	Blue Mary	Blue Mary	Tessa		Jack Krauser	Jill Valentine	Jake Muller	Rebecca Chambers	Chris Redfield	Vashyron	CommanderVideo	Raizo Kiya	Twister	GutsMan.EXE	ElecMan.EXE	Proto Man	Ebihara	Phil DeVille	Dil Pickles	Anesthesia	Zanza the Gangster	Himura Kenshin
Keira Hagai (Jak & Daxter)	Slate	Clutch	Liane (Jeanne d'Arc)		 Jean Pierre Polnareff		Don Patch	Rukia Kuchiki	Martian Manhunter	Green Arrow	Can-Can	Bianchi	Tom Carroll	Brian Battler	Billy Kane	Chang Koehan	Billy Kane	Billy Kane	Benimaru Nikaido	Benimaru Nikaido	Bao	Benimaru Nikaido	Billy Kane	Blue Mary	Benimaru Nikaido	Benimaru Nikaido	Poison Ghost		Buzz Lightyear	Larxene	Adeleine	Waddle Dee	Gordon Bowman	Joka		Charmy Bee	Iori Yagami	Cyborg Ninja	Simon Belmont III	Getsu Fūma	King Kong	Pyramid Head	Monkey (Kung Fu Panda)	Éclair	Keiichiro Washizuka	Keiichiro Washizuka	Rochelle (L4D)		Medli		Big Jumbo	Batgirl	Bane	Professor Henry Jones Sr.	Bib Fortuna	Commander Cody	Commander Cody	Wile E. Coyote	Frank West	Buffaloman	Melman	Valvoga	Whim (Mana Khemia)		Wario	Mario	Mario	Donkey Kong III	Meg (Mario Tennis)	Princess Daisy	Yoshi	Diddy Kong	Luigi	Diddy Kong	Lakitu	Mario	Luigi	Toad (Mario)	Toad (Mario)	Toad (Mario)	Princess Peach	Doctor Doom	Captain America	Spider-Man	Spider-Man	Wolverine	Doctor Doom	Chun-Li	Chun-Li	Amingo	Albert Wesker	Invisible Woman	Black Widow	Deadpool	Deadpool	Luke Cage	Luke Cage	Luke Cage	"Joe ""Butcher"" Kowalski"	William Shakespeare	Marie Antoinette 	GutsMan.EXE	Cut Man	Dr. Wily	Bass		Alia	Spider (Mega Man)	Harpuia	Indiana Jones	Barack Obama	Para-Medic	Revolver Ocelot	Meryl Silverburgh	Nadia Cassel	Eri Kasamoto	Ralf Jones	Trace	Daisy Duck	Scientist Wilson		Lisa (Mario Golf)	Nathan Drake	Bo' Rai Cho	The Flash	Sub-Zero	Flint	Yae	Bravoman	Haku	Chōji Akimichi	Deidara	Gaara	Deidara	Chōji Akimichi	Haku	Jiraiya	Kakashi Hatake	Crow (Naruto)	Baki	Bando	Konohamaru Sarutobi	MCA	Al Harrington	Biggie Little	Shermie	Helga (Track & Field)	Sam Manson	Timmy Turner	Danny Phantom	Ren Höek	Timmy Turner	Danny Phantom		Rachel	Chouchou	Benn Beckman	Enel	Brook	Buggy	Rocky Hattari	Captain Hina	Brook	Keiji Maeda	Sadamitsu	Astaroth	Blinky	Flavor Flav	Bombette	Yoshi (Paper Mario)		Jonathan Steinberg		Franco Gerelt	Dante	Clank	Pikachu	Pikachu	Eevee	Phanpy	Pichu	Pikachu	Bellossom	Magikarp	Hitmontop		Laura Bush	Al Gore	Al Gore	Blue Samurai Ranger		Jill Valentine	Bitterman (Quake)	Yo-Yo	Raskull Bonesaw	Dr. Nefarious	"Boris ""The Bear"" Knokimov"	Butcher Brown	Bob Wilson	Bob Wilson	Mai-Ling		HUNK	Albert Wesker	Ada Wong	Claire Redfield	Jill Valentine		Sweat Bomber	HYO	"Sam ""The Squid"" Dullard"	NumberMan.EXE	SlashMan.EXE	Duo	Gasai	Lil DeVille	Kimi Finster	Benikage	Udou Jin-e	Kamiya Kaoru
G.T. Blitz (Jak & Daxter)	Poison Jam	Combo	Cuisses (Jeanne d'Arc)		 Joseph Joestar		Kazuki Muto	Tōshirō Hitsugaya	Superman	Superman	Colombo	Byakuran	Tom Curren	Chang Koehan	Chang Koehan	Chin Gentsai	Blue Mary	Blue Mary	Blue Mary	Blue Mary	Benimaru Nikaido	Billy Kane	Blue Mary	Bonne Jenet	Chin Gentsai	Billy Kane	Rocky (King of the Monsters)		Lightning McQueen	Lexaeus			Chung Paifu	Chipple		Mighty the Armadillo	Terry Bogard	Pastel (TwinBee)	Getsu Fūma	Upa		Goemon		Dark Éclair	Shikyoh/Mukuro	Shikyoh/Mukuro	The Boomer					Dick Grayson	Batgirl	Sallah	Boba Fett	Yoda	Yoda	Tasmanian Devil		Checkmate	King Julien XIII	Alexander (Makai Kingdom)	Etward Dysler		Mario	Luigi	Putts	Luigi	Mason (Mario Tennis)	Yoshi	Bowser	Donkey Kong III	Mario	Donkey Kong III	Luigi	Luigi	Mario	Wario	Wario	Wario	Princess Daisy	Hawkeye	Colossus	Storm (X-Men)	Storm (X-Men)	Falcon (Marvel)	Hulk	Captain America	Hulk	Captain America	Doctor Doom	Iron Man	Falcon (Marvel)	Doctor Strange	Doctor Strange	Mister Fantastic	Mister Fantastic	Mister Fantastic	Rick Thorne	Winston Churchill	Jeanne d'Arc	Mayl Sakurai	Guts Man	Air Man	Guts Man		Layer	Massimo	Fefnir	Han Solo	Sarah Palin	Revolver Ocelot	Reiko Hinomoto	Raiden (Metal Gear)		Ralf Jones		Kanden	Goofy	Mandy Elite		Bean (Mario Golf)	Sweet Tooth	Chameleon	Sonya Blade	Sindel	Kumatora		Bruce McGivern	Hinata Hyūga	Deidara	Gaara	Gamabunta	Gaara	Danzō Shimura	Hinata Hyūga	Jūgo	Iruka Umino	Gaara	Chiyo	Chiyo	Mizuki (Naruto)	Ad-Rock	Al Jefferson	Bonafide	Geese Howard	Dirk (Track & Field)	Timmy Turner	Sam Manson	Jimmy Neutron	Danny Phantom	Invader Zim	Vlad Plasmius			Dracule Milhawk	Bentham	Franky	Buggy	Carue	Roronoa Zoro	Monkey D. Luffy	Buggy	Grunt (Onimusha)	Tsuna	Ms. Pac-Man	Pinky	Elvira	Parakarry	Vivian (Paper Mario)				Gore Gajah	Emmett Graves	Sly Cooper	Meowth	Meowth	Cyndaquil	Mudkip	Togepi	Axew	Hitmonchan	Metapod	Scyther		Jimmy Carter	John Kerry	John Kerry	Yellow Samurai Ranger		Dante	Bones (Quake)	Joey	Raskull Ridinghood		Bruce Blade	"Angel ""Raging"" Rivera"	Duck King	Cheng Sinzan			Albert Wesker	Excella Gionne	Helena Harper	HUNK	Ada Wong		Ms. Bates	Sakura Kasugano	Raymundo Rocket	StarMan.EXE	EraserMan.EXE	Leonard Dorado	Yatgusigi	Kimi Finster	Reptar	Candy Cane	Hyottoko	Myojin Yahiko
Kleiver (Jak & Daxter)	Noise Tank	Corn	Jean (Jeanne d'Arc)		 Iggy		Allen Walker	Renji Abarai	Wonder Woman	Wonder Woman	Daisy (Katamari Damacy)	Chikusa Kakimoto	Nathan Fletcher	Chin Gentsai	Chin Gentsai	Chizuru Kagura	Chang Koehan	Brian Battler	Chang Koehan	Chang Koehan	Blue Mary	Blue Mary	Chang Koehan	Clark Still	Clark Still	Chin Gentsai	Beetle Mania			Luxord			Gozu (Savage Reign)	Heart Moo			Ryo Sakazaki	Power Pro-kun	Mikey Walsh	Bill Rizer		Evil Rose		Homard (La Pucelle)	Lee Rekka	Lee Rekka	The Hunter					Commissioner Gordon	Batman	Major Toht	Bossk	Lieutenant Thire	Ahsoka Tano	Marvin the Martian		Chihuahua Man	Mason (Madagascar)	Seedle	Yun (Mana Khemia)		Amy Rose	Yoshi	Tiny (Mario Golf)	Bowser	Chad (Mario Tennis)	Wario	Donkey Kong Jr.	King Boo	Princess Daisy	Dry Bones	Mario	Princess Peach	Pac-Man	Yoshi	Yoshi	Yoshi	Waluigi	Hulk	Cyclops (X-Men)	The Thing	The Thing	Scarlet Witch	Iron Man	Dan Hibiki	Shadow Lady	Anakaris	Amaterasu	Ms. Marvel	Invisible Woman	Elektra	Elektra	Spider-Man	Spider-Man	Spider-Man	Dennis McCoy	Rosie the Riveter	Cyrano de Bergerac	Roll.EXE	Elec Man	Bomb Man	Quick Man		Palette	Marino	Leviathan (Mega Man)	General Chin Chang		Major Zero		Revolver Ocelot		Clark Still		Noxus	Pete (Disney)	Trials Man		Rozary (Mario Golf)	Sly Cooper	Cyrax	Catwoman	Ermac	Salsa		Captain Commando	Hiruzen Sarutobi	Gaara	Hidan	Hidan	Hidan	Darui	Ino Yamanaka	Karin (Naruto)	Rock Lee	Haku	Chōji Akimichi	Chōji Akimichi	Naruto Uzumaki	Mike D	Allen Iverson	Kirk Hinrich	Mai Shiranui	Claudia (Track & Field)	Jimmy Neutron	Sandy Cheeks	Arnold (Hey Arnold!)	Kitty Katswell	Aang	Sheldon J. Plankton			El Drago	Buggy	Kaku (One Piece)	Caribou	Crocodile	Sanji	Nami	Crocodile	Jubei Yagyu	Seimei	Reiko Nagase	Inky	Souxxie	Lady Bow	Admiral Bobbery				Hayato Kanzaki	Fat Princess	Bentley	Psyduck	Chikorita	Teddiursa	Azurill	Mareep		Sneasel	Kakuna	Scizor		Dick Cheney	Barack Obama	Dennis Kucinich	Gold Samurai Ranger		Ryu	Cadaver (Quake)	Taro (Rao Jam)	Raskull Duck		Butcher Brown	Mama Tua	Franco Bash	Duck King				Josh Stone	Piers Nivans	Barry Burton	Carlos Oliviera		Steve Minecraft	Edge Yamada	Tito Makani	FireMan.EXE	ChargeMan.EXE		Nagada Goheigi	Angelica Pickles		Dixie Clemets	Hannya	Sagara Sanosuke
Rayn (Jak & Daxter)	Gum	Cube	Gilles (Jeanne d'Arc)		 D'Bo		Goku	Bobobo-bo Bo-bobo	Zatanna	Cheetah	Dangle	Chrome Dokuro	Donavon Frankenreiter	Choi Bounge	Choi Bounge	Choi Bounge	Chin Gentsai	Chang Koehan	Chin Gentsai	Chin Gentsai	Chang Koehan	Chang Koehan	Chizuru Kagura	Duck King	Duo Lon	Clark Still				Marluxia			Mezu (Savage Reign)	Tat			Mai Shiranui	Moai	Moai	Vic Viper		Pentarou (Parodius)		Yattanya (La Pucelle)	Zantetsu	Zantetsu	The Smoker					Clayface	Bizarro	Elsa Schneider	C-3PO	Jek (Star Wars)	Jar Jar Binks	Yosemite Sam		Coconut Man	Phil (Madagascar)	Salome	Puniyo (Mana Khemia)		Luigi	Sonny	Wario	Waluigi	Sasha (Mario Tennis)	Waluigi	Toad (Mario)	Luigi	Princess Peach	Funky Kong	Princess Daisy	Toad (Mario)	Princess Peach	Princess Daisy	Princess Daisy	Princess Daisy	Wario	Human Torch	Daredevil	Venom	Venom	Invisible Woman	Magneto	Cyclops (X-Men)	Jin Saotome	Colossus	Dormammu	Nightcrawler	Iron Man	Ghost Rider	Ghost Rider	Storm (X-Men)	Storm (X-Men)	Storm (X-Men)	Kevin Robinson	Hermann Müller	Count Orlok	Eugene Chaud	Bomb Man	Bubble Man	Ice Man (Mega Man)			Cinnamon	Phantom	Mitchell Buford		Ivan Raidenovitch Raikov		Vamp		Leona Heidern		Weavel	Hewey Duck	Old-School		Powert (Mario Golf)	Sackboy	Daegon	Shang Tsung	Reptile			Chun-Li	Ino Yamanaka	Haku	Hinata Hyūga	Hinata Hyūga	Hinata Hyūga	Deidara	Kakashi Hatake	Kakashi Hatake	Haku	Hinata Hyūga	Deidara	Deidara	Sakura Haruno	Randall Cunnigham	Amar'e Stoudemire	LeBron James	Kim Kaphwan	Ashley (Track & Field)	Tak		Tommy Pickles	SpongeBob SquarePants	Evil Nitro	Denzel Crocker			Galdino	Cabaji	Kuzan	Coby	Dracule Milhawk	Tony Tony Chopper	Nico Robin	Dracule Milhawk	Oichi			Clyde	Creepie	Watt	Ms. Mowz				June Lin Milliam	Heihachi Mishima		Machop	Cyndaquil	Torchic	Wynaut	Elekid			Rattata	Pinsir		Wesley Clark	Bill Richardson	Barack Obama			Ken Masters (Street Fighter)	Crash (Quake)	Flavor Flav	Raskull Wizard		Damien Black	Joey T.	Geese Howard	Franco Bash				Rebecca Chambers	Sherry Birkin	Jack Krauser	Albert Wesker		Mr. Destructoid	Akira Kazama		WoodMan.EXE	SpoutMan.EXE		Shimabuguro Hiroshi	Susie Carmichael		Evil Rose	Shikijou	Saitou Hajime
Razer (Jak & Daxter)	Piranha	Garam	Marcel (Jeanne d'Arc)		 Midler		Vegeta	Don Patch	Aquaman	Despero	Dipp	Dendro Chilum	Bruce Irons	Clark Still	Clark Still	Clark Still	Chizuru Kagura	Chin Gentsai	Choi Bounge	Choi Bounge	Chin Gentsai	Chin Gentsai	Clark Still	Duo Lon	Elisabeth Blanctorche	Duo Lon				Saïx			Joker (Savage Reign)	Leorina			Athena Asamiya	Nyami	King Kong	TwinBee		Robbie the Rabbit		Father Salade	Akari Ichijou	Akari Ichijou	The Tank					Mr. Freeze	Black Adam	Colonel Dietrich	Captain Panaka	Rys (Star Wars)	Captain Rex	Sylvester the Cat		Crescent Man	Skipper (Madagascar)	Babylon	Chloe Hartzog		Blaze the Cat	Wario		Wario	Silvia (Mario Tennis)	Bowser Jr.		Mario	R.O.B.	King Boo	Princess Peach	Yoshi	Toad (Mario)	Waluigi	Waluigi	Waluigi	Donkey Kong III	Iceman (X-Men)	Deadpool	Wolverine	Wolverine	Reptil	Psylocke	Dhalsim	Onslaught (X-Men)	Baby Bonnie Hood	Arthur Pendragon	Silver Surfer	Nova	Human Torch	Human Torch	The Thing	The Thing	The Thing	Simon Tabron	Heinrich (Medal of Honor)	Napoleon Bonaparte	ProtoMan.EXE	Fire Man	Cut Man	Shadow Man					"
Josef Yurinov"		Gene (Metal Gear)		"Hal ""Otacon"" Emmerich"					Dewey Duck	Freestyle		Bird (Mario Golf)		Dairou	Shazam	Kitana (Mortal Kombat)			Demitri Maximoff	Itachi Uchiha	Hanabi Hyūga	Hiruko	Itachi Uchiha	Ino Yamanaka	Fū	Kankurō	Konan	Zabuza Momochi	Hiruzen Sarutobi	Gaara	Gaara	Sasuke Uchiha	Frank Thomas	Anderson Varejao	Luigi	Jin Chonshu	Oolong (Yie Ar Kung Fu)	Rocko		Invader Zim	Katara		Professor Calamitous			"Gin the ""Man-Demon"""	Carue	Marshall D. Teach	Crocodile	Kaldino	Usopp	Ohm	Edward Newgate	Kotaro Fuma			Toc-Man	Maxine (Pain)	Sushie	Princess Peach				"
Ele (Plasma Sword)"	Isaac Clarke		Cubone	Totodile	Chimchar	Piplup	Shinx			Drowzee	Furret		Bill Clinton	Jimmy Carter	Michelle Obama			Chun-Li	Daemia	Chuck D	Raskull Mummy		Furious Faz Motar	"Jet ""Iron"" Chin"	Hon Fu	Hon Fu				Barry Burton	Carla Radames	Albert Wesker				Roberto Sanho		WindMan.EXE	TomahawkMan.EXE		Onizuga	Lou Pickles		Lady X Substance	Shinomori Aoshi	Shinomori Aoshi
Sig (Jak & Daxter)	Garam	Gouji Rokkaku	Beatrix (Jeanne d'Arc)		 Alessi		Gohan	Kazuki Muto	Black Canary	Darkseid	Drive (Katamari Damacy)	Dino (Katekyō Hitman Reborn!)	Rob Machado	Goro Daimon	Eiji Kisaragi	Geese Howard	Choi Bounge	Chizuru Kagura	Clark Still	Clark Still	Choi Bounge	Choi Bounge	Duo Lon	Eiji Kisaragi	Goro Daimon	Elisabeth Blanctorche				Vexen			Kim Young-Mok	Garlen			Billy Kane	Bear Tank	Vic Viper			Power Pro-kun		Papillion (La Pucelle)	Juzoh Kanzaki	Juzoh Kanzaki	The Charger					Poison Ivy	Black Canary	Belloq	Chewbacca	Ahsoka Tano	Waxer (Star Wars)	Foghorn Leghorn		Dazz Ling	Kowalski (Madagascar)	Asagi	Peperoncino (Mana Khemia)		Sonic the Hedgehog	Harry		Neil	Chris (Mario Tennis)	Donkey Kong III		Petey Piranha	Shy Guy	Luigi	Rosalina	Wario	Yoshi	Toadette	Birdo	Birdo	Bowser	Iron Man	Emma Frost	Brigade (Imperfect)	Brigade (Imperfect)	Hulk	Shuma-Gorath	Hulk	Mega Man	Cyclops (X-Men)	Hulk	Spider-Man	Quicksilver	Iceman (X-Men)	Iceman (X-Men)	Thor	Thor	Thor	Granny (Pro BMX)	Günther (Medal of Honor)	Quasimodo	Kai Todoroki	Ice Man (Mega Man)	Dust Man	Napalm Man					Colonel Samuel Garrett		Python							Louie Duck	Biker (Trials)		Kid		Darrius	Liu Kang	Johnny Cage			Felicia	Jiraiya	Hashirama Senju	Ino Yamanaka	Jiraiya	Itachi Uchiha	Gaara	Kiba Inuzuka	Naruto Uzumaki	Hinata Hyūga	Ino Yamanaka	Hidan	Hidan	Zabuza Momochi	Will Smith	Andray Blatche	MCA	Jin Chonrei	The Referee (Track & Field)	Stimpy			Patrick Star					Golass	Chaka (One Piece)	Monkey D. Luffy	Donquixote Doflamingo	Krieg		Portgas D. Ace	Enel	Ekei Ankokuji			Spooky (Pac-Man)	H8 Squader	Lakilester	Bowser				"
Prince (Plasma Sword)"	Jak		Eevee	Treecko	Buneary	Riolu	Pachirisu			Lickitung	Girafarig		Hillary Clinton	John F. Kennedy	Nancy Pelosi			Morrigan Aensland	Gorre	Terminator X	Raskull Pirate		Gino Stiletto	Lulu Valentine	Jin Chonrei	Jin Chonrei					Agent (Resident Evil)					Natsu Urahara		SearchMan.EXE	TenguMan.EXE			Dil Pickles		Makoto Aihara	Kamiya Kaoru	
UR-86 (Jak & Daxter)	Yo-Yo (Jet Set Radio)	Gum	Rufus (Jeanne d'Arc)		 Chaka Khan		Piccolo	Allen Walker	Green Arrow		Drooby	Djidji	Kalani Robb	Heavy D!	Goro Daimon	Goro Daimon	Chris (King of Fighters)	Choi Bounge	Iori Yagami	Hinako Shijou	Clark Still	Chris (King of Fighters)	Gato	Elisabeth Blanctorche	Iori Yagami	Goro Daimon				Xaldin			King Lion	Guntz			Lien Neville	the KING (Pop'n Music)	TwinBee			Takosuke		Croix (La Pucelle)	Genbu no Okina	Genbu no Okina	The Jockey					Two-Face	Black Manta	Colonel Dovchenko	Commander Cody	Jar Jar Binks	Boil (Star Wars)	Pepé Le Pew		Dik Dik Van Dik	Rico (Madagascar)	Castile	Ennarsia Dysler		Princess Daisy	Maple		Kid	Kyle (Mario Tennis)	Diddy Kong		Princess Daisy	Toad (Mario)	Mario	Shy Guy	Donkey Kong III			Toadette	Shy Guy	Diddy Kong	Loki	Hawkeye	Fault Zone	Fault Zone	Squirrel Girl	Spider-Man	Ken Masters (Street Fighter)	Spider-Man	Cammy White	Chris Redfield	Storm (X-Men)	Reptil	Invisible Woman	Invisible Woman	Wolverine	Wolverine	Wolverine	Tony Hawk	Kurt (Medal of Honor)	Charles de Gaulle	TurboMan.EXE	Oil Man	Elec Man	Spring Man					"
Zhou Peng"		Elisa/Ursula							Ludwig Von Drake	Combat (Trials)		Grace (Mario Golf)		Drahmin	Green Lantern (Hal Jordan)	Jade (Mortal Kombat)			Fong Ling	Kabuto Yakushi	Hinata Hyūga	Itachi Uchiha	Kakashi Hatake	Jiraiya	Haku	Kin Tsuchi	Orochimaru	Kiba Inuzuka	Iruka Umino	Hinata Hyūga	Hinata Hyūga		Chow-Chow	Andre Iguodala	Mario	Tung Fu Rue	Ming Ming (Track & Field)	Invader Zim			Larry Lobster					Igaram	Chessmarimo	Nami	Dracule Milhawk	Captain Kuro		Roronoa Zoro	Franky	Magoichi Saika			Erwin (Pac-Man)	Sergeant Jay	Princess Peach					Saturn Dyer	Daxter		Chikorita	Torchic						Voltorb	Mr. Mime		John Edwards	Lyndon B. Johnson	Michele Bachmann			Mega Man X	Grunt (Quake)	Everlast	Raskull Knight		"Jet ""Iron"" Chin"	J. R. Flurry	Jin Chonshu	Jin Chonshu					Coach (L4D)					Shoma Sawamura		SpoutMan.EXE	GroundMan.EXE					Miss Spencer	Hajime Saitou	
	Goji	Jazz	Bartolomeo (Jeanne d'Arc)		 Vanilla Ice		Arale Norimaki	Lenalee Lee	Green Lantern (Hal Jordan)		Foomin	Flan (Katekyō Hitman Reborn!)	Travis Pastrana	Heidern	Heidern	Iori Yagami	Clark Still	Chris (King of Fighters)	Jhun Hoon	Iori Yagami	Foxy	Clark Still	Goro Daimon	Gato	Joe Higashi	Hwa Jai				Xemnas			King Leo	Nahatomb			Leona Heidern	Vic Viper				Ming Ming (Track & Field)		Monya-Monya	Shigen Naoe	Shigen Naoe	The Spitter					Riddler	Black Mask	Colonel Vogel	Count Dooku	Captain Rex	Mace Windu	Elmer Fudd		Eskara	Private (Madagascar)	Flonne	Goto (Mana Khemia)		Shadow the Hedgehog	Donkey Kong III			Shawn (Mario Tennis)	Dixie Kong		Princess Peach	Waluigi	Princess Daisy	Toad (Mario)	Bowser			Dry Bones		Bowser Jr.	Magneto	Hulk	Hazmat (Imperfect)	Hazmat (Imperfect)		Thanos	Omega Red	Morrigan Aensland	Doctor Doom	Iron Man	The Thing	Scarlet Witch	Iron Man	Iron Man	Daredevil	Daredevil	Sentry		Ulf (Medal of Honor)	Lady Liberty	Mary Towa	Time Man	Fire Man	Dr. Wily							Teliko								Master Chief		Tiny (Mario Golf)		Ermac	Kitana (Mortal Kombat)	Mileena			Gilgamesh (Druaga)	Kakashi Hatake	Hiruzen Sarutobi	Jiraiya	Kakuzu	Jūgo	Han (Naruto)	Might Guy	Nagato	Neji Hyūga	Itachi Uchiha	Ino Yamanaka	Itachi Uchiha		Kabuki (NBA Jam)	Andrea Bargnani	Mike D	Terry Bogard	Sparkster (Rocket Knight Adventures)	GIR			Chum Chum 					Jango (One Piece)	Coby	Nefertari Vivi	Edward Newgate	Monkey D. Luffy		Sanji	Jinbe (One Piece)	Gargant			Pac-Devil	Jolly	Twink					Vector (Star Gladiator)	Kat (Gravity Rush)		Cyndaquil	Mudkip							Pichu		Mike Forbes	Woodrow Wilson	Newt Gingrich			Zero	Hossman	DJ Lethal	Raskull Pompous		Kemo Claw	"Johnny ""Bad"" Blood"	Joe Higashi	Joe Higashi					Ellis (L4D)					Boman		ThunderMan.EXE	DustMan.EXE					Reiko Hinomoto		
	Tab	Noise Tank	La Hire (Jeanne d'Arc)		Dio Brando		Dr. Mashirito	Arale Norimaki	Green Lantern (Kyle Rayner)		Fujio	Gamma (Katekyō Hitman Reborn!)	Tiki God	Joe Higashi	Iori Yagami	Joe Higashi	Goro Daimon	Clark Still	Joe Higashi	Jhun Hoon	Goro Daimon	Geese Howard	Hinako Shijou	Geese Howard	Kim Kaphwan	Iori Yagami				Xigbar			Jyazu Silber				Ralf Jones	Ebisumaru				Dewy (Dewy's Adventure)			Hyo Amano	Hyo Amano						Bane	Brainiac	Mac	Darth Maul	Waxer (Star Wars)	Ki-Adi-Mundi	Porky Pig		Hanzou		Etna			Yoshi	Bowser			Linda (Mario Tennis)	Bowser		Toad (Mario)	Yoshi	Princess Peach	Wario	Waluigi			Blooper		Toad (Mario)	Jean Grey	Human Torch	Johnny Ohm	Johnny Ohm		Anita	M. Bison	Venom	Captain Commando	Chun-Li	Thor	She-Hulk	Luke Cage	Luke Cage	Deadpool	Deadpool	She-Hulk			Julia Child	Ring.EXE		Flash Man	Duo							Venus								Banjo the Honey Bear		Gene Yuss		Frost	Wonder Woman	Nightwolf			Guntz	Kankurō	Ino Yamanaka	Jūgo	Killer B	Kabuto Yakushi	Hanzō (Naruto)	Naruto Uzumaki	Sai	Might Guy	Jiraiya	Itachi Uchiha	Jiraiya		Mark Turmell	Andrew Bogut	Nene Hilario	Rock Howard	Pyramid Head	XJ-9			Invader Zim					Krieg	Crocodile	Nico Robin	Emporio Ivankov	Nami		Shanks	Kuzan	Marcellus			The Prince of All Cosmos	Hilde Gunnagrope						Zelkin Fiskekrogen	Kratos		Totodile	Skitty							Elekid		Gerald Ford	Thomas Jefferson	Jon Huntsman			Frank West	Hunter (Quake)	Danny Boy	Raskull Angel		Lulu Valentine	Big Willy Johnson	Kim Kaphwan	Kim Kaphwan					Nick (L4D)					Tiffany Rose		MetalMan.EXE	Roll.EXE							
	Cube	Poison Jam	Richard (Jeanne d'Arc)		 Mariah		Gintoki Sakata	Dr. Mashirito	Hawkgirl		Hans (Katamari Damacy)	Genkishi	Surfreak	Kim Kaphwan	Joe Higashi	Kasumi Todoh	Iori Yagami	Goro Daimon	K'	Joe Higashi	Heidern	Goenitz	Iori Yagami	Hotaru Futaba	Kyo Kusanagi	Joe Higashi				Xion							Clark Still								Kojiroh Sanada	Kojiroh Sanada						Catwoman	Captain Boomerang	Irina Spalko	Death Star Trooper	Boil (Star Wars)	Kit Fisto	Gossamer		Jeager		Laharl			Princess Peach				Gary (Mario Tennis)	Birdo		Toadette		Rosalina	Wiggler	Mametchi			Hammer Bro		Ninja (Final Fantasy)	Queen Veranke	Iron Man	Niles Van Roekel	Niles Van Roekel			Shuma-Gorath	Lilith (Darkstalkers)	Gambit	Magneto	Wolverine	Spider-Man	Mister Fantastic	Mister Fantastic	Gambit	Gambit				Heino	Bass.EXE		Gemini Man								Lt. Cunningham								Tooty		Mario		Fujin	Jax Briggs	Cyrax			Guy (Final Fight)	Kiba Inuzuka	Itachi Uchiha	Kabuto Yakushi	Kisame Hoshigaki	Kakashi Hatake	Hashirama Senju	Neji Hyūga	Sakura Haruno	Shikamaru Nara	Jirōbō	Jiraiya	Kabuto Yakushi		Shaun Liptak	Antawn Jamison	Osmosis	Hotaru Futaba	Evil Rose	El Tigre (Manny Rivera)			Stimpy					Captain Kuro	Daz Bones	Portgas D. Ace	Enel	Nefertari Vivi		Smoker	Marco	Gogandantess			Pooka	Fluffer The Cat						Gantetsu	Nariko		Treecko	Turtwig							Donphan		Dick Gephardt	Mike Gravel	Mitt Romney			Hsien-Ko	Klesk	Warren G.	Raskull Devil		Nat Daddy	Freak E. Deke	Mai Shiranui	Laurence Blood					Rochelle (L4D)					Roy (Rival Schools)		JunkMan.EXE								
	Combo	Pots	Claire (Jeanne d'Arc)		 Hol Horse		Gon Freecss	Goku	Huntress		Harvest (Katamari Damacy)	Ginger Bread (Katekyō Hitman Reborn!)		King (Art of Fighting)	Kim Kaphwan	Kim Kaphwan	Joe Higashi	Heavy D!	Kasumi Todoh	K'	Hinako Shijou	Goro Daimon	Jhun Hoon	Iori Yagami	Leona Heidern	K'				Zexion							Yuri Sakazaki								" ""Ponta"" Akari "	Hibiki Takane						Killer Croc	Captain Cold	Harold Oxley	Dengar	Mace Windu	Aayla Secura	Granny (Looney Tunes)		Kevin Mask		Valvatorez			"Miles ""Tails"" Prower"				Jet (Mario Tennis)	Ninja (Final Fantasy)		Waluigi		Toad (Mario)	Yoshi						White Mage	Scarlet Witch	Jean Grey	Paragon (Imperfect)	Paragon (Imperfect)			Ryu	Roll	Charlie (Street Fighter)	Crimson Viper	Abomination	Thor	Ms. Marvel	Ms. Marvel	Green Goblin	Green Goblin							Ice Man (Mega Man)								Donald Anderson								Mumbo Jumbo		Princess Peach		Goro (Mortal Kombat)	Lex Luthor	Noob Saibot			Heihachi Mishima	Kisame Hoshigaki	Jiraiya	Kakashi Hatake	Konan	Kakuzu	Hidan	Orochimaru	Sasuke Uchiha	Ino Yamanaka	Kabuto Yakushi	Kabuto Yakushi	Kagura (Naruto)		Heavy D	Bango the Buck	Peja Stojakovic	Robert Garcia	Frogger	Mr. Blik			Sandy Cheeks					Miss Goldenweek	Dracule Milhawk	Rob Lucci	Eustass Kid	Nico Robin		Tony Tony Chopper	Monkey D. Garp	Jujudormah			Fygar	Red Jimmy						Claire (Plasma Sword)	Nathan Drake		Torchic	Chimchar							Cleffa		Al Gore	Dennis Kucinich	Marco Rubio			Kurt Irving	Lucy (Quake)	Lynda (Rap Jam)	Raskull Koala		Rockey Samchay	G. C. Thunder	Ryuji Yamazaki	Mai Shiranui										Kyosuke Kan		ProtoMan.EXE								
		Rhyth	Rose (Jeanne d'Arc)		 Pet Shop		Jotaro Kujo	Vegeta	Supergirl		Havana (Katamari Damacy)	Glo Xinia		Kyo Kusanagi	King (Art of Fighting)	King (Art of Fighting)	Kim Kaphwan	Heidern	Kim Kaphwan	Kasumi Todoh	Iori Yagami	Iori Yagami	Joe Higashi	K'	Mature	Kim Kaphwan				Donald Duck							Rock Howard								Deku no Shigen	Setsuna (Last Blade)						Man-Bat	Catwoman	Charles Stanforth	Emperor Palpatine	Commander Ponds	Wag Too	The Evil Scientist (Looney Tunes)		Kid Muscle		Fenrich			Waluigi				Kyoko (Mario Tennis)	White Mage		Wario		Toadette							Black Mage	Spider-Man	Luke Cage	Solara (Imperfect)	Solara (Imperfect)			Spider-Man	War Machine	Hulk	M.O.D.O.K.	Crimson Dynamo	Wolverine	Nick Fury	Nick Fury	Human Torch	Human Torch							Needle Man								Nikolai Stepanovich Sokolov								Gruntilda		Yoshi		Havik	Kano (Mortal Kombat)	Smoke			Hideo Shimazu	Might Guy	Jirōbō	Kakuzu	Might Guy	Kankurō	Hinata Hyūga	Rock Lee	Shikamaru Nara	Gaara	Kakashi Hatake	Kakashi Hatake	Kakashi Hatake		Sal Divita	Barack Obama	Princess Peach	Lee Pai Long	Simon Belmont				Sheen Estevez					Miss Monday	Enel	Roronoa Zoro	Franky	Pandaman		Usopp	Monkey D. Luffy	Zombie Warrior			Mappy	Mae Ryder						Omega (Plasma Sword)	PaRappa the Rapper		Mudkip	Piplup							Igglybuff		Ulysses S. Grant	Joe Biden	Ron Paul			Riela Marceris	Major Susan Wayland	Maria (Rap Jam)	Raskull Policeman		Salua	"Wild ""Stubby"" Corley"	Sokaku Mochizuki	Ryuji Yamazaki										Hinata Wakaba		NapalmMan.EXE								
		Roboy	Colet (Jeanne d'Arc)		 Anubis Polnareff		Dio Brando	Gohan			Huey (Katamari Damacy)	Hayato Gokudera		Lucky Glauber	Kyo Kusanagi	Kyo Kusanagi	King (Art of Fighting)	Iori Yagami	King (Art of Fighting)	Kim Kaphwan	Joe Higashi	Joe Higashi	K'	Kasumi Todoh	Big Bear	King (Art of Fighting)				Goofy							Mignon Beart									Musashi Akatsuki						Penguin	Cheetah	Taylor	General Grievous	Ki-Adi-Mundi	Luminara Unduli	Rocky the Mobster		Kinnikuman					Dr. Eggman				Micki (Mario Tennis)	Black Mage		Yoshi		Waluigi								Storm (X-Men)	Ms. Marvel	The Wink (Imperfect)	The Wink (Imperfect)			Sakura Kasugano	Ryu	Chun-Li	Dante	Doctor Doom	Abomination	Silver Surfer	Silver Surfer	Iceman (X-Men)	Iceman (X-Men)							Pharaoh Man								Roy Campbell								Bottles		Foreman Spike		Hotaru (Mortal Kombat)	Joker	Sektor			Hiromi Tengenji	Naruto Uzumaki	Kabuto Yakushi	Kankurō	Minato Namikaze	Karin (Naruto)	Hiruzen Sarutobi	Sakura Haruno	Suigetsu Hōzuki	Kankurō	Kankurō	Kakuzu	Kakuzu		DJ Jazzy Jeff	Baron Davis	Shaquille O'Neal	Mr. Big	Pentarō (Antarctic Adventure)				Powdered Toast Man					Miss Valentine	Fullbody	Sanji	Hody Jones	Portgas D. Ace		Wiper	Nami	Three Eyes			Mr. Driller	"
Fat Princess"						Eagle (Plasma Sword)	Raiden (Metal Gear)		Skitty	Munchlax							Togepi		Jeffory Jackson	Lord Kona	Sarah Palin			Ichiro Ogami	Mynx	LL Cool J	Shape-a-saurus		Selene Strike	Freedom Brock	Terry Bogard	Sokaku Mochizuki										Batsu Ichimonji		IceMan.EXE								
		Soda					"Tsunayoshi ""Tsuna"" Sawada"	Piccolo			Ichigo	I-Pin		Mai Shiranui	Mai Shiranui	Leona Heidern	Kyo Kusanagi	Joe Higashi	Krizalid	King (Art of Fighting)	K'	K'	Kim Kaphwan	Kim Kaphwan	Ralf Jones	Kula Diamond				Mickey Mouse							K'									Hagure Hitogata						Mad Hatter	Clayface	Robert Ross	Grand Moff Tarkin	Kit Fisto	Barriss Offee	Smokey the Genie		Mr.French					Donkey Kong III				Emi (Mario Tennis)					Wario								Super-Skrull	Nova	Daredevil	Captain America			Wolverine	Strider Hiryu	Iceman (X-Men)	Jean Grey	Juggernaut	Annihilus	Spider-Man	Spider-Man	Invisible Woman	Invisible Woman							Skull Man								Jonathan (Guns of the Patriots)								Klungo				Hsu Hao	Raiden (Mortal Kombat)	Sonya Blade			Baby Head	Neji Hyūga	Kakashi Hatake	Karin (Naruto)	Naruto Uzumaki	Kiba Inuzuka	Ino Yamanaka	Sasuke Uchiha		Orochimaru	Kiba Inuzuka	Kankurō	Kankurō		John Carlton	Ben Gordon	Stephen Jackson	Haohmaru	Solid Snake				Toph					Monkey D. Luffy	Galdino	Shanks	Jinbe (One Piece)	Roronoa Zoro			Nico Robin	Nobunaga Oda				Ivan Tojakov						Luca (Plasma Sword)	Ratchet			Vulpix							Omanyte		Thomas Jefferson	George W. Bush	Rick Perry			Sakura Shinguji	Orbb	Yuka (Rap Jam)	Captain J. Turncoat		Tank Thrasher	Rocket Samchay		Terry Bogard												ElecMan.EXE								
		Yo-Yo (Jet Set Radio)					Reborn	Frieza			Johnson (Katamari Damacy)	Iris Hepburn		Robert Garcia	Nakoruru	Leopold Goenitz	Leona Heidern	Kim Kaphwan	Kyo-1	Kula Diamond	K9999	K9999	King (Art of Fighting)	King (Art of Fighting)	Robert Garcia	Kyo Kusanagi				Riku (Kingdom Hearts)							Maxima									Kouryu						Harley Quinn	Commissioner Gordon	Lao Che	Greedo	Commander Stone	R3-S6	Hector the Bulldog		Pandaman					Bowser Jr.				Roy (Mario Tennis)					Yoshi								Thor	The Punisher	Human Torch	Doctor Doom			Zangief	Wolverine	Dan Hibiki	Felicia	Magneto	Dark Surfer	Spider-Woman	Spider-Woman	Jean Grey	Jean Grey							Snake Man								Raiden (Metal Gear)								Jack of Blades				Jade (Mortal Kombat)	Superman	Jax Briggs			Mack The Knife	Orochimaru	Kankurō	Kiba Inuzuka	Nagato	Killer B	Itachi Uchiha	Shikamaru Nara		Akamaru	Kidōmaru	Kiba Inuzuka	Kiba Inuzuka		Jamie Rivett	Bill Clinton	Stretch	Genjuro Kibagami	Power Pro-kun				Ultra Lord					Morgan	Gedatsu	Smoker	Kuzan	Sanji			Perona	Kojiro Sasaki				Le Toot						Shaker (Plasma Sword)	Clank			Eevee							Delibird		Lyndon B. Johnson	Dick Cheney	Rick Santorum			Gemini Sunrise	Patriot (Quake)	Keisha (Rap Jam)	Mr. Destructoid			Robox Rese-4		Tung Fu Rue												PlantMan.EXE								
		Zero Beat					Ryotsu Kankichi	Kid Buu			June (Katamari Damacy)	Jiji (Katekyō Hitman Reborn!)		Rugal Bernstein	Omega Rugal	Mai Shiranui	Mai Shiranui	King (Art of Fighting)	Kyo-2	Kyo Kusanagi	Kim Kaphwan	Kim Kaphwan	Kusanagi	Kula Diamond	Ryo Sakazaki	Leona Heidern				Sora (Kingdom Hearts)							Chae Lim															Scarecrow	Cyborg	Mola Ram	Han Solo	Aayla Secura	R2-D2			Ramenman					Metal Sonic				Flit (Mario Tennis)													Venom	Rocket Raccoon					U.S. Agent	Zangief	Iron Man	Sentinel	Mole Man	Doctor Doom	Storm (X-Men)	Storm (X-Men)	Ms. Marvel	Ms. Marvel							Toad Man								Johnny (Snake Eater)								Garth (Fable)				Jarek	Baraka	Kano (Mortal Kombat)			Jin Kazama	Rock Lee	Kiba Inuzuka	Kisame Hoshigaki	Rock Lee	Kisame Hoshigaki	Jiraiya	Shino Aburame		Crow (Naruto)	Kimimaro	Killer B	Kisame Hoshigaki		Tony Goskie	Bill Laimbeer	Takashi	Nakoruru					Fanboy					Mr. 5	"Gin the ""Man-Demon"""	Tony Tony Chopper	Magellan	Shanks			Portgas D. Ace	Musashi Miyamoto				Fannie						Rain (Plasma Sword)	Sackboy			Phanpy							Chansey		John Kerry	Rudy Giuliani	Paul Ryan			Erica Fontaine	Phobos (Quake)	Sticky Fingaz	Barry Steakfries			Michael Jackson		Wolfgang Krauser												KnightMan.EXE								
							Naruto Uzumaki	Gintoki Sakata			Jungle (Katamari Damacy)	Ken Joshima		Ryo Sakazaki	Ralf Jones	Maki Kagura	Ralf Jones	Kyo Kusanagi	Kyo Kusanagi	Leona Heidern	King (Art of Fighting)	King (Art of Fighting)	Kyo Kusanagi	Kyo Kusanagi	Shen Woo	Mai Shiranui											Duke (King of Fighters)															Killer Moth	Damian Wayne	The Hatay King	IG-88	Commander Bly	Plo Koon			Robin Mask					Silver the Hedgehog				Skipper (Mario Tennis)													Wolverine	Scarlet Witch					Mephisto		Dhalsim	Hsien-Ko	Mystique	Enchantress	The Thing	The Thing	Nick Fury	Nick Fury							Top Man								Solid Snake								Reaver (Fable)				Jax Briggs	Deathstroke	Kurtis Stryker			Karin Kanzuki	Sakura Haruno	Kidōmaru	Konan	Sakura Haruno	Konan	Jūgo	Temari		Mizuki (Naruto)	Kisame Hoshigaki	Kisame Hoshigaki	Komachi		Jay Moon	Brad Daugherty		Shiki (Samurai Shodown)					Nesmith					Mr. 9	Hatchan	Usopp	Marco	Smoker			Roronoa Zoro	Jaido				Daxter						Kaede (Plasma Sword)	Sir Daniel Fortesque			Shinx							Blissey		Abraham Lincoln	John McCain	Abraham Lincoln			Akira Yuki	Ranger (Quake)	Fredro Starr	Ilo			Shaquille O'Neal														ShadowMan.EXE								
							Sasuke Uchiha	Kagura (Gin Tama)			Kenta (Katamari Damacy)	Kyoya Hibari		Sie Kensou	Robert Garcia	Mature	Robert Garcia	Leona Heidern	Leona Heidern	Lin (King of Fighters)	Kula Diamond	Kula Diamond	Leona Heidern	Mai Shiranui	Sie Kensou	Mature											Seth (King of Fighters)															Joker	Deadshot	Satipo	Indiana Jones	Wag Too	C-3PO			Skulduggery									Whisker (Mario Tennis)														Spider-Man					Mech-Zangief		Juggernaut	She-Hulk	Sabretooth	Galactus	Thor	Thor	Robbie Baldwin	Robbie Baldwin							Wood Man																Hammer (Fable)				Johnny Cage	Shao Kahn	Shang Tsung			Ken Masters (Street Fighter)	Sasuke Uchiha	Kimimaro	Kurenai Yūhi	Sasori	Lars Alexandersson	Kabuto Yakushi	Zabuza Momochi			Might Guy	Kurenai Yūhi	Kurenai Yūhi		Facime	Brandon Jennings		Asura (Samurai Shodown)					The Flying Dutchman					Nami	Helmeppo		Marshall D. Teach	Tashigi			Sakazuki	Musaid				Buzz (Buzz!)						Byakko (Plasma Sword)	Sly Cooper			Riolu							Eevee		Bill Mason	Ron Paul	Bill Clinton			Pai Chan	Razor (Quake)	Big DS	Milo (ilomilo)			Rumbleman														Bass.EXE								
							Sakura Haruno	Kenshiro			Kinoko	Lal Mirch		Takuma Sakazaki	Ryo Sakazaki	Mr. Big	Ryo Sakazaki	Lucky Glauber	Li Xiangfei	Mai Shiranui	Kyo Kusanagi	Kusanagi	Mai Shiranui	Malin	Terry Bogard	Maxima											Luise Meyrink															Hush	Deathstroke	Jock	Jango Fett	Luminara Unduli	Nahdar Veb			Sunshine									Paula (Mario Tennis)														Squirrel Girl					Charlie (Street Fighter)		Felicia	Jill Valentine		Grandmaster	Wolverine	Wolverine	Songbird	Songbird																							Augustus Cole				Kabal	Darkseid	Baraka			Ki (Namco X Capcom)	Shikamaru Nara	Kisame Hoshigaki	Might Guy	Sasuke Uchiha	Might Guy	Kakashi Hatake	Zaku Abumi			Mizuki (Naruto)	Might Guy	Might Guy		Kid Silk	Brandon Roy		Hanzo Hattori					Zuko					Nefertari Vivi	Captain Hina		Monkey D. Luffy	Tony Tony Chopper			Sanji					Katsuaki Kato						Rai-on (Plasma Sword)	Spike (Ape Escape)												Richard Nixon	Mitt Romney	George Washington			Toma	Sarge (Quake)	Treach	Doug (A World of Keflings)			Bill Clinton																						
							Kakashi Hatake	Raoh			Kunihiro	Lambo		Terry Bogard	Saisyu Kusanagi	Ralf Jones	Ryuji Yamazaki	Mai Shiranui	Mai Shiranui	Maxima	Leona Heidern	Kyo Kusanagi	Malin	Maxima		Big Bear											Nagase															Ra's al Ghul	Dick Grayson	Captain Katanga	Jar Jar Binks	Barriss Offee	Cad Bane			"Terry ""The Grand"" Kenyon"									Elroy (Mario Tennis)														Storm (X-Men)					Norimaro		Magneto	Shuma-Gorath		Hercules	Black Widow	Colossus	Venom	Venom																							Clayton Carmine				Kai (Mortal Kombat)		Kabal			King II	Shino Aburame	Konohamaru Sarutobi	Minato Namikaze	Shikamaru Nara	Minato Namikaze	Kakuzu				Naruto Uzumaki	Minato Namikaze	Naruto Uzumaki		Scooter Pie	Brook Lopez		Mudman					Yak (Ren & Stimpy)					Pandaman	Hotori		Nami	Usopp			Smoker					Ded Baron							Sweet Tooth												Ronald Reagan	Ulysses S. Grant	John F. Kennedy			Cyrille	Sorlag	Vin Rock				Hillary Rodham Clinton																						
							Monkey D. Luffy	Taikoubou			Kuro (Katamari Damacy)	Lanchia (Katekyō Hitman Reborn!)		Yuri Sakazaki	Sie Kensou	Robert Garcia	Shermie	Mature	Maxima	Ralf Jones	Li Xiangfei	Leona Heidern	Maxima	Momoko		Ralf Jones											Kula Diamond															Spoiler (DC)	The Flash	Willie Scott	Ki-Adi-Mundi	R3-S6	Aurra Sing			Terryman									Tori (Mario Tennis)														The Thing							Guile	Mike Haggar		Loki	Captain Marvel	Moon Knight	Psylocke	Psylocke																							Bill (L4D)				Kano (Mortal Kombat)		Raiden (Mortal Kombat)			Klonoa	Shizune	Kurenai Yūhi	Naruto Uzumaki	Tobi	Naruto Uzumaki	Kankurō				Neji Hyūga	Naruto Uzumaki	Neji Hyūga		Air Dog	Bryant Reeves		Kotaro Fuma					Tim Lincecum					Roronoa Zoro	Jango (One Piece)		Nefertari Vivi	Wapol			Tony Tony Chopper					El Chile Grande							Toro Inoue												Condoleezza Rice	Richard Nixon	Richard Nixon			Zephyr	Stripe (Quake)	DJ Kay Gee																										
							Roronoa Zoro	Gon Freecss			Kyun	Leviathan (Katekyō Hitman Reborn!)			Takuma Sakazaki	Ryo Sakazaki	Shingo Yabuki	Ralf Jones	Ralf Jones	Ramon (King of Fighters)	Lin (King of Fighters)	Mai Shiranui	Ralf Jones	Mr. Big		Robert Garcia											Bonne Jenet															Azrael (DC)	General Zod	Short Round	Kit Fisto	R2-D2	Robonino			The Ninja									Barb (Mario Tennis)														Thor							Marrow	Spider-Man		Magneto	Hawkeye	Cyclops (Marvel)	Blade (Marvel)	Black Panther																							Francis (L4D)				Kenshi (Mortal Kombat)		Cyber Sub-Zero				Temari	Might Guy	Neji Hyūga		Neji Hyūga	Karin (Naruto)				Orochimaru	Neji Hyūga	Orochimaru		Weasel (NBA Jam)	Carl Landry		Marco Rossi					Roy Halladay					Sanji	Kohza		Nico Robin				Trafalgar Law					Brock Lee							Zeus												Bill Richardson	Ronald Reagan	Ronald Reagan			Leanne	Tank Jr.	Coolio																										
							Nami	Killua Zaoldyeck			L'Amour	Lussuria			Terry Bogard	Sie Kensou	Sie Kensou	Robert Garcia	Robert Garcia	Robert Garcia	Mai Shiranui	Mature	Robert Garcia	Oswald		Ryo Sakazaki											Kim Kaphwan															Huntress	Gorilla Grodd	Maharajah	Lando Calrissian	Plo Koon	Shahan Alama			Ultamanoid									Sass (Mario Tennis)														Wolverine							Hayato Kanzaki	Morrigan Aensland		M.O.D.O.K.	Echo (Marvel)	Hawkeye	Cyclops (X-Men)	Cable																							Louis (L4D)				Khameleon		Sheeva			KOS-MOS	Tenten	Minato Namikaze	Obito Uchiha		Orochimaru	Kiba Inuzuka				Rock Lee	Orochimaru	Rock Lee		Brutah	Carlos Boozer		Mars People					Felix Hernandez					Shanks	Kotori		Portgas D. Ace				Usopp					Ao No Kutsu																			Franklin D. Roosevelt	Theodore Roosevelt	Theodore Roosevelt			Yuri Lowell	Uriel (Quake)	Suave																										
							Sanji	Jotaro Kujo			Lalala	M.M.			Yuri Sakazaki	Takuma Sakazaki	Terry Bogard	Rugal Bernstein	Ryo Sakazaki	Ryo Sakazaki	Maxima	Maxima	Ryo Sakazaki	Ralf Jones		Saiki											Ninon Beart															Jeremiah Arkham	Green Arrow	Walter Donovan	Leia Organa	C-3PO	IG-86			Wally Tusket									Chas (Mario Tennis)																					Omega Red	Storm (X-Men)		Nebula		Hulk		Carnage																							Zoey (L4D)				Kintaro		Quan Chi			Whirlo	Tsunade	Naruto Uzumaki	Orochimaru		Nagato	Killer B				Sakon/Ukon	Rock Lee	Sai		"Neil ""Ziggy"" Hill"	Carmelo Anthony		Kaede (Last Blade)					Jered Weaver					Tony Tony Chopper	Krieg		Rob Lucci									Yeony																			Theodore Roosevelt	George Washington	Thomas Jefferson			Estellise Sidos Heurassein	Visor (Quake)	Peter (Rap Jam)																										
							Nico Robin	Dio Brando			Lucha (Katamari Damacy)	Mukuro Rokudo				Terry Bogard	Yashiro Nanakase	Ryo Sakazaki	Shingo Yabuki	Seth (King of Fighters)	May Lee	May Lee	Ryuji Yamazaki	Ramon (King of Fighters)		Shen Woo											Hyena															Harvey Bullock	Green Lantern (Hal Jordan)	The Cemetery Warrior King	Lobot	Nahdar Veb	Count Dooku			Warsman									Mel (Mario Tennis)																					Jill Valentine	Nathan Spencer		Nightmare		Nightcrawler		Iron Fist																							The Boomer				Kira		Skarlet			Kyoko Minazuki	Zabuza Momochi	Neji Hyūga	Nagato		Rock Lee	Kimimaro				Sakura Haruno	Sai	Sakura Haruno		Mad Mike Muskett	Caron Butler		Moriya Minakata					Justin Verlander					Usopp	Captain Kuro		Roronoa Zoro									Kenneth (Pain)																			Arnold Schwarzenegger	Abraham Lincoln				Jin Kazama	Wrack	Jason (Rap Jam)																										
							Junichi Jaguar	"Tsunayoshi ""Tsuna"" Sawada"			Macho (Katamari Damacy)	Nigella Beabankul				Vice	Yuri Sakazaki	Ryuji Yamazaki	Sie Kensou	Shingo Yabuki	Ralf Jones	Ralf Jones	Shen Woo	Robert Garcia		Sie Kensou											Richard Meyer															Lucius Fox	Harley Quinn	The Ugha King	Luke Skywalker	Commander Fil	Admiral Yularen			Weapon Man									Dweezil (Mario Tennis)																					Psylocke	Super-Skrull		Super-Skrull		Doctor Doom		Juggernaut																							The Witch				Kitana (Mortal Kombat)		Kenshi (Mortal Kombat)			Hsien-Ko		Orochimaru	Rock Lee		Sai	Kisame Hoshigaki				Sasuke Uchiha	Sakura Haruno	Sasori		Jason Falcus	Charlie Villanueva		Akari Ichijou					Trevor Cahill						Kuroobi		Sakazuki									Nigel (Pain)																			Chloe Sullivan	Mike Huckabee				Ling Xiaoyu	Xaero																											
							Himura Kenshin	Reborn			Mag (Katamari Damacy)	Nosaru				Wolfgang Krauser		Saisyu Kusanagi	Takuma Sakazaki	Sie Kensou	Ramon (King of Fighters)	Ramon (King of Fighters)	Shingo Yabuki	Ryo Sakazaki		Takuma Sakazaki											Geese Howard															Mr. Zsasz	Hawkgirl	Santa Claus	Luminara Unduli	Hevy (Star Wars)	Jango Fett												Mynx (Mario Tennis)																					Jin Saotome	Ryu		Thanos		Magneto		Magneto																							The Hunter				Kobra		Rain			Heishiro Mitsurugi		Rock Lee	Sai		Sakura Haruno	Konan				Shikamaru Nara	Sasori	Sasuke Uchiha		Prince Charles	Chauncey Billups		Keiichiro Washizuka					Heath Bell						Lucky Roo		Sanji									Tati																			William Taft	Sarah Palin				Kite																												
							Yoh Asakura	Kinnikuman			Marcy (Katamari Damacy)	Rasiel (Katekyō Hitman Reborn!)				Yuri Sakazaki		Shermie	Terry Bogard	Takuma Sakazaki	Robert Garcia	Robert Garcia	Terry Bogard	Shen Woo		Terry Bogard											Lilly Kane															Black Mask	Hawkman		Mace Windu	Echo (Star Wars)	R4-P17												Willy (Mario Tennis)																					Rogue	Taskmaster				Sabretooth																									Damon Baird				Kung Lao		Freddy Krueger			Mike Haggar		Sai	Sakura Haruno		Sasori	Madara Uchiha				Shino Aburame	Sasuke Uchiha	Shikamaru Nara		Bill Clinton	Chris Bosh		Athena (SNK)					Mariano Rivera						Miss Merry Christmas		Shanks									Ginger (Pain)																			Tom Vilsack					BlackRose																												
							Anna Kyoyama	Kankichi Ryotsu			Marny	Reborn						Shingo Yabuki	Whip	Terry Bogard	Ryo Sakazaki	Ryo Sakazaki	Tizoc	Shingo Yabuki		Vice											Fiolina Germi															Ventriloquist	Huntress		Obi-Wan Kenobi	Fives (Star Wars)	Captain Typho												Sheri (Mario Tennis)																					M. Bison	Trish				Venom																									Marcus Fenix				Li Mei		Kratos			M.O.M.O.		Sakon/Ukon	Sasori		Sasuke Uchiha	Mei Terumī				Tayuya	Shikamaru Nara	Shino Aburame		Suns Gorilla	Chris Kaman		Woo					Brian Wilson						Mohji		Shiki (One Piece)									Muffy (Pain)																			George Washington					KOS-MOS																												
							Yugi Moto	Neuro Nogami			Miki (Katamari Damacy)	Ryohei Sasagawa						Sie Kensou	Yuri Sakazaki	Vanessa (King of Fighters)	Seth (King of Fighters)	Ryuji Yamazaki	Whip	Sie Kensou		Yuri Sakazaki											Hanzo Hattori															Hugo Strange	Hush		Padme Amidala	Adi Gallia	Queen Neeyutnee												Mario																					Sabretooth	Thor																													Anya Stroud				Liu Kang					Morrigan Aensland		Sakura Haruno	Sasuke Uchiha		Shikamaru Nara	Mifune				Temari	Shino Aburame	Temari		Crunch the Timberwolf	Chris Mullin		Kisarah Westfield					Carlos Marmol						Monkey D. Luffy		Smoker									Hung Lo																			Woodrow Wilson					T-elos																												
							Yusuke Urameshi	Yako Katsuragi			Miso (Katamari Damacy)	Spanner (Katekyō Hitman Reborn!)						Takuma Sakazaki		Whip	Shingo Yabuki	Seth (King of Fighters)	Yuri Sakazaki	Terry Bogard													Ryo Sakazaki															Talia al Ghul	Joker		Qui-Gon Jinn	Eeth Koth	Hondo Ohnaka												Luigi																					Ken Masters (Street Fighter)	Tron Bonne																													Skorge				Mavado					Regina (Dino Crisis)		Sasori	Shikamaru Nara		Shino Aburame	Might Guy				Tenten	Temari	Tenten		Hugo the Hornet	Chris Paul		Ryo Sakazaki					Joakim Soria						Morgan		Tony Tony Chopper									Scurv Dogg																								Soma Schicksal																												
								Toru Muhyo			Mu (Katamari Damacy)	Superbi Squalo						Terry Bogard		Yuri Sakazaki	Sie Kensou	Shermie		Tizoc													Jivatma															Firefly	Katana (DC)		R2-D2	Cad Bane	Senator Kharrus												Donkey Kong																					Sentinel	Wolverine																													Joanna Dark				Meat					MegaMan Volnutt		Sasuke Uchiha	Shino Aburame		Suigetsu Hōzuki	Minato Namikaze				Tsunade	Tenten	Towa		Benny the Bull	Chuck Person		King Lion					Jonathan Papelbon						Mr. 4		Trafalgar Law									Santa Claus																								Alisa Ilinichina Amiella																												
								Naruto Uzumaki			Nai-Nai	Takeshi Yamamoto						Vice			Takuma Sakazaki	Shingo Yabuki		Tung Fu Rue													Ash Crimson																Killer Croc		R2-Q5	Aurra Sing	Tee Watt Kaa												Waluigi																					Mega Man	Viewtiful Joe																													Elvis (Perfect Dark)				Mileena					Roll Caskett		Shikamaru Nara	Shizune		Temari	Naruto Uzumaki				Zabuza Momochi	Tsunade	Tsunade		Carol Blazejowski	Clyde Drexler		Yuki (NGBC)					Buster Posey						Mr. 9		Usopp									Cookie																								Haken Browning																												
								Sakura Haruno			Nickel	Tazaru						Yashiro Nanakase			Terry Bogard	Sie Kensou		Vanessa (King of Fighters)													Blue Mary																Killer Frost		R4-P17	Robonino	Turk Falso												Princess Peach																					Shuma-Gorath	X-23																													Pretztail				Mokap					Rutee Katrea		Shino Aburame	Suigetsu Hōzuki		Tenten	Neji Hyūga					Yamato	Yamato		Steve Snake	Colin Cowherd		Ai (SNK)					Brian McCann						Nami		Vander Decken IX									"Ed ""T-Bone"" Haulstein"																								Kaguya Nanbu																												
								Sasuke Uchiha			Nik (Katamari Damacy)	"Tsunayoshi ""Tsuna"" Sawada"						Yuri Sakazaki			Vanessa (King of Fighters)	Takuma Sakazaki		Whip													Xiao Lon																Killer Moth		Shaak Ti	Shahan Alama	TX-20												Bowser																					Morrigan Aensland	Zero																													Horstachio				Moloch					Ryu		Shizune	Temari		Tobi	Obito Uchiha					Yūgao Uzuki	Yūgao Uzuki		Chris Kirby	Corey Maggette							Carlos Santana (MLB)						Nefertari Cobra		Wapol									Jarvis (Pain)																								Reiji Arisu																												
								Kakashi Hatake			Norn	Viper (Katekyō Hitman Reborn!)									Whip	Terry Bogard		Yuri Sakazaki													Makoto Mizoguchi																Lady Shiva		TC-14	HELIOS-3D	Bib Fortuna																																	Silver Samurai	Doctor Strange																													Fizzlybear				Motaro					Sabine		Tayuya	Tenten		Tsunade	Orochimaru								Larry Bird	Dan Majerle							Yadier Molina						Nefertari Vivi		X Drake																																	Xiaomu																												
								Fuusuke			Nutsuo	Xanxus									Yuri Sakazaki	Vanessa (King of Fighters)																															LexBot		Wedge Antilles	IG-86	R6-H5																																	Roll	Firebrand																													Juno (Jet Force Gemini)				Nightwolf					Sakura Kasugano		Temari	Tobi		Yamato	Nagato								Glenn Robinson	Danilo Gallinari							Matt Wieters						Nico Robin																																																															
								Monkey D. Luffy			Odeko											Vice																															Lex Luthor		Wicket	Count Dooku	MSE-6																																	Spider-Man	Ghost Rider																													Vela (Jet Force Gemini)				Nitara					Shion Uzuki		Tenten	Tsunade			Rock Lee								Brooks Thompson	Danny Granger							Geovany Soto						Ohm																																																															
								Roronoa Zoro			Odeon											Whip																															Lois Lane		Yoda	Admiral Yularen	Sionver Boll																																	Ruby Heart	Frank West																													Lupus (Jet Force Gemini)				Noob Saibot					Ginzu the Ninja		Tobirama Senju	Yamato			Rōshi								Wesley Person	Danny Manning							Albert Pujols						Paula (One Piece)																																																															
								Nami			Opeo											Yashiro Nanakase																															Lucius Fox			Jango Fett	Bail Organa																																	Spiral	Hawkeye																													Zapp (Gamma Bros.)				Onaga					Stahn Aileron		Tsunade				Sai								Monty Williams	David Lee							Joey Votto						Pell																																																															
								Sanji			Paula (Katamari Damacy)											Yuri Sakazaki																															Mad Hatter			R4-P17	Onaconda Farr																																	Ryu	Nemesis T-Type																													Buzz (Gamma Bros.)				Quan Chi					Strider Hiryu		Yamato				Sakura Haruno								Billy Owens	David Robinson							Adrian Gonzalez						Portgas D. Ace																																																															
								Nico Robin			Peso																																										Man-Bat			Captain Typho	Senator Philo																																	Storm (X-Men)	Iron Fist																													Blue Knight				Raiden (Mortal Kombat)					Taira no Kagekiyo		Zabuza Momochi				Sasori								Terry Davis	David West							Mark Teixeira						Rockstar																																																															
								Franky			Pokkle																																										Martian Manhunter			Queen Neeyutnee	General Grievous																																	Sakura Kasugano	Phoenix Wright																													Green Knight				Rain					Taizo Hori						Sasuke Uchiha								Rex Chapman	DeMar DeRozan							Miguel Cabrera						Roronoa Zoro																																																															
								Jaguar Junichi			Pu																																										Mr. Freeze			Hondo Ohnaka	Asajj Ventress																																	Thanos	Nova																													Red Knight				Reiko (Mortal Kombat)					Taki						Shikamaru Nara								Scott Skiles	Dennis Rodman							Prince Fielder						Sanji																																																															
								Himura Kenshin			Ryu (Katamari Damacy)																																										Mr. Zsasz			Senator Kharrus	Admiral Ackbar																																	Venom	Strider Hiryu																													Orange Knight				Reptile					Tarosuke						Shino Aburame								Calbert Cheaney	Deron Williams							Ian Kinsler						Satori																																																															
								Pegasus Seiya			Sherman (Katamari Damacy)																																										Penguin			Tee Watt Kaa	Captain Antilles																																	SonSon	Rocket Raccoon																													Ittle Dew				Sareena					"Toby ""Kissy"" Masuyo"						Suigetsu Hōzuki								Tom Gugliotta	Derrick Rose							Justin Pedroia						Shanks																																																															
								Momotaro Tsurugi			Shikao																																										Poison Ivy			Turk Falso	Chewbacca																																	War Machine	Vergil																													General Akamoto				Scorpion (Mortal Kombat)					Valkyrie (Valkyrie no Bōken)						Temari								Jeff Hornacek	Detlef Schrempf							Robinson Cano						Sky Rider Shura																																																															
								Heihachi Edajima			Shy (Katamari Damacy)																																										Ra's al Ghul			TX-20	Han Solo																																	Strider Hiryu																														Meat Boy				Sektor					Wonder Momo						Tenten								David Benoit	Devin Harris							Dan Uggla						Smoker																																																															
								Yoh Asakura			Signolo																																										Red Hood			Bib Fortuna	Lando Calrissian																																	Wolverine																														Spelunky Guy				Shang Tsung					Sylphie						Tobi								John Stockton	Dick Cheney							Brandon Phillips						Tashigi																																																															
								Anna Kyoyama			Slip (Katamari Damacy)																																										Riddler			R6-H5	Leia Organa																																	Tron Bonne																														Cobalt Agent				Shao Kahn					Armor King I						Tobirama Senju								Karl Malone	Dirk Nowitzki							Rickie Weeks						Tony Tony Chopper																																																															
								Yugi Moto			The Prince of All Cosmos																																										Scarecrow			MSE-6	Luke Skywalker																																	Zangief																														Otus (Owlboy)				Sheeva					Cammy White						Tsunade								Detlef Schrempf	Dominique Wilkins							David Wright						Usopp																																																															
								Yusuke Urameshi			The Princess (Katamari Damacy)																																										Shazam			Sionver Boll	Qui-Gon Jinn																																																															Glorg				Shinnok					Leon Magnus						Utakata								Kendall Gill	Dr. J							Evan Longoria						Wapol																																																															
								Kurama			Twinkle																																										Sinestro			Bail Organa	Wedge Antilles																																																															Gordon Freeman				Shujinko					Lilith (Darkstalkers)						Yagura								Gary Payton	Drazen Petrovic							Alex Rodriguez						Yasopp																																																															
								Hiei			Velvet																																										Superboy			Onaconda Farr	Boba Fett																																																															Barney Calhoun				Sindel					Rose (Street Fighter)						Yamato								Shawn Kemp	Dwight Howard							Kevin Youkilis																																																																					
																																																					Supergirl			Senator Philo	Greedo																																																															The G-Man				Smoke					Waya-Hime						Yugito Nii								Chuck Person	Dwyane Wade							Ryan Zimmerman																																																																					
																																																					Superman			General Grievous	Darth Maul																																																															Dr. Rosenberg				Sonya Blade											Zabuza Momochi								Sean Elliott	Elton Brand							Chipper Jones																																																																					
																																																					Talia al Ghul			Asajj Ventress	Dr. Nuvo Vindi																																																															Alyx Vance				Stryker											Ōnoki								Terry Cummings	Eric Gordon							Jose Reyes																																																																					
																																																					Tim Drake			Admiral Ackbar	Wat Tambor																																																															Eli Vance				Sub-Zero																			Dennis Rodman	G-Wiz							Asdrubal Cabrera																																																																					
																																																					Two-Face			Captain Antilles	Lok Durd																																																															Chell				Tanya																			David Robinson	George Gervin							Hanley Ramirez																																																																					
																																																					Vicki Vale			Chewbacca	Poggle the Lesser																																																															ATLAS (Portal)				Taven																			Lionel Simmons	George W. Bush							Troy Tulowitzki																																																																					
																																																					Vixen			Han Solo	Nute Gunray																																																															P-Body																							Spud Webb	Gerald Wallace							Starlin Castro																																																																					
																																																					Wonder Woman			Lando Calrissian	Whorm Loathsom																																																															Ellis (L4D)																							Mitch Richmond	Glen Rice							Jimmy Rollins																																																																					
																																																					Zatanna			Leia Organa	Emperor Palpatne																																																															Nick (L4D)																							Bobby Hurley	Grant Hill							Ryan Braun																																																																					
																																																								Luke Skywalker	Grand Moff Tarkin																																																															Coach (L4D)																							Aaron Mckie	Greg Oden							Carl Crawford																																																																					
																																																								Qui-Gon Jinn	Thi-Sen																																																															Rochelle (L4D)																							Rod Stickland	Hakeem Olajuwon							Josh Hamilton																																																																					
																																																								Wedge Antilles	Cato Parasitti																																																															Lonestar																							Clifford Robinson	Hillary Clinton							Matt Holliday																																																																					
																																																								Boba Fett	Cham Syndulla																																																															Yuri (Awesomenauts)																							Terry Porter	Isiah Thomas							Carlos Gonzales																																																																					
																																																								Greedo	Chi Cho																																																															Clunk																							Clyde Drexler	J. Cole							Vernon Wells																																																																					
																																																								Darth Maul	Faro Argyus																																																															Bomack																							Danny Manning	James Worthy							Matt Kemp																																																																					
																																																								Starkiller	Bossk																																																															Pen Yen																							A.C. Green	Jason Kidd							Chris Young																																																																					
																																																								Dr. Nuvo Vindi	Mar Tuuk																																																															Zephyr (Slam Bolt Scrappers)																							Wayman Tisdale	Jason Thompson							Andrew McCutchen																																																																					
																																																								Wat Tambor	Numa (Star Wars)																																																															Joe Danger																							Kevin Johnson	Jeff Green							Curtis Granderson																																																																					
																																																								Lok Durd	Riyo Chuchi																																																															Conker																							Dan Majerle	Joakim Noah							Alex Rios																																																																					
																																																								Poggle the Lesser	Bolla Ropal																																																															CommanderVideo																							Sharone Wright	Joe Biden							BJ Upton																																																																					
																																																								Nute Gunray	Peppi Bow																																																															The Gunstringer																							Dana Barros	Joe Johnson							Justin Upton																																																																					
																																																								Whorm Loathsom	Gha Nachkt																																																															The Dishwasher																							Jeff Malone	John McCain							Jason Heyward																																																																					
																																																								Emperor Palpatne	Savage Opress																																																															Commando (Toy Soldiers)																							Shawn Bradley	John Starks							Andre Ethier																																																																					
																																																								Grand Moff Tarkin																																																																Ivan (Toy Soldiers)																							Clarence Witherspoon	John Stockton							Jayson Werth																																																																					
																																																								Thi-Sen																																																																Juan (Guacamelee!)																							Dennis Scott	Jonny Flynn							Jose Bautista																																																																					
																																																																																																																								Altaïr ibn-La'Ahad																							Nick Anderson	Josh Howard							Jay Bruce																																																																					
																																																																																																																								Ezio Auditore da Firenze																							Penny Hardaway	Josh Smith							Billy Butler																																																																					
																																																																																																																								Ratonhnhaké:ton																							Horace Grant	Karl Malone							David Ortiz																																																																					
																																																																																																																								Mordecai (Borderlands)																							Derek Harper	Kenny Anderson							Victor Martinez																																																																					
																																																																																																																								Lilith (Borderlands)																							Charles Oakley	Kenny Smith							Vladimir Guerrero																																																																					
																																																																																																																								Brick (Borderlands)																							John Starks	Kenyon Martin							Jim Thome																																																																					
																																																																																																																								Claptrap (Borderlands)																							Anthony Mason	Kevin Durant							Michael Young																																																																					
																																																																																																																								Augustus Cole																							Patrick Ewing	Kevin Garnett																																																																												
																																																																																																																								Samantha Byrne																							Armon Gilliam	Kevin Johnson																																																																												
																																																																																																																								Blacksmith (Castle Crashers)																							Kevin Edwards	Kevin Love																																																																												
																																																																																																																								Barbarian (Castle Crashers)																							Yinka Dare	Kevin Martin																																																																												
																																																																																																																								Alistair (Dragon Age)																							Kenny Anderson	Kevin McHale																																																																												
																																																																																																																								Morrigan (Dragon Age)																							Derrick Coleman	Kobe Bryant																																																																												
																																																																																																																								Sten (Dragon Age)																							Donyell Marshall	LaMarcus Aldridge																																																																												
																																																																																																																								Leliana (Dragon Age)																							Doug West	Lamar Odom																																																																												
																																																																																																																								Charlie Murder																							Isaiah Rider	Larry Bird																																																																												
																																																																																																																								Skelekitten																							Christian Laettner	Larry Johnson																																																																												
																																																																																																																								Ninja (Mark of the Ninja)																							Eric Mobley	Lebron James																																																																												
																																																																																																																								Barry Steakfries																							Eric Murdock	Louis Williams																																																																												
																																																																																																																								Sensei (Fruit Ninja)																							Todd Day	Luol Deng																																																																												
																																																																																																																								Tony Hawk																							Vin Baker	MCA																																																																												
																																																																																																																								Officer Dick																							Khalid Reeves	Magic Johnson																																																																												
																																																																																																																								Ollie (Tony Hawk)																							Steve Smith (NBA)	Manu Ginóbili																																																																												
																																																																																																																								Dust (Elysian Tale)																							Harold Miner	Manute Bol																																																																												
																																																																																																																								Fidget																							Rony Seikaly	Mark Price																																																																												
																																																																																																																								Paladin (Hybrid)																							Glen Rice	Mark Turmell																																																																												
																																																																																																																								Variant (Hybrid)																							Eddie Jones	Matthias Murphy																																																																												
																																																																																																																								Wreck (Wreckateer)																							Nick Van Exel	Mavs Man																																																																												
																																																																																																																								Death																							James Worthy	Mehmet Okur																																																																												
																																																																																																																								Satan																							Vlade Divac	Michael Redd																																																																												
																																																																																																																								Dracula																							Anthony Peeler	Michelle Beadle																																																																												
																																																																																																																								Frankenstein's Monster																							Pooh Richardson	Mike Bibby																																																																												
																																																																																																																								Bride of Dracula																							Malik Sealy	Mike D																																																																												
																																																																																																																								Bride of Frankenstein																							Stanley Roberts	Mike Dunleavy, Jr.																																																																												
																																																																																																																								Headless Horseman																							Loy Vaught	Mitch Richmond																																																																												
																																																																																																																								Santa Claus																							Antonio Davis	Mo Williams																																																																												
																																																																																																																								Mrs. Claus																							Derrick McKey	Monta Ellis																																																																												
																																																																																																																								Rudolph the Red-Nosed Reindeer																							Rik Smits	Nick Anderson																																																																												
																																																																																																																								Ebenezer Scrooge																							Reggie Miller	O.J. Mayo																																																																												
																																																																																																																								Jacob Marley																							Sam Cassell	Patrick Ewing																																																																												
																																																																																																																																															Robert Horry	Pau Gasol																																																																												
																																																																																																																																															Vernon Maxwell	Paul Pierce																																																																												
																																																																																																																																															Hakeem Olajuwon	Peja Stojakovic																																																																												
																																																																																																																																															Latrell Sprewell	Rajon Rondo																																																																												
																																																																																																																																															Chris Webber	Randy Foye																																																																												
																																																																																																																																															Chris Mullin	Rashard Lewis																																																																												
																																																																																																																																															Tim Hardaway	Ray Allen																																																																												
																																																																																																																																															Bill Curley	Raymond Felton																																																																												
																																																																																																																																															Grant Hill	Richard Hamilton																																																																												
																																																																																																																																																Rocky the Mountain Lion																																																																												
																																																																																																																																																Rodney Stuckey																																																																												
																																																																																																																																																Ron Artest																																																																												
																																																																																																																																																Rony Seikaly																																																																												
																																																																																																																																																Rudy Gay																																																																												
																																																																																																																																																Rufus Lynx																																																																												
																																																																																																																																																Rumble the Bison																																																																												
																																																																																																																																																Russell Westbrook																																																																												
																																																																																																																																																Sarah Palin																																																																												
																																																																																																																																																Scott Skiles																																																																												
																																																																																																																																																Scottie Pippen																																																																												
																																																																																																																																																Shaquille O'Neal																																																																												
																																																																																																																																																Spud Webb																																																																												
																																																																																																																																																Stephen Curry																																																																												
																																																																																																																																																Stephen Jackson																																																																												
																																																																																																																																																Steve Nash																																																																												
																																																																																																																																																Stickman Blue																																																																												
																																																																																																																																																Stickman Green																																																																												
																																																																																																																																																Stickman Red																																																																												
																																																																																																																																																Stickman Yellow																																																																												
																																																																																																																																																T.J. Ford																																																																												
																																																																																																																																																The Raptor																																																																												
																																																																																																																																																Tim Duncan																																																																												
																																																																																																																																																Tim Hardaway																																																																												
																																																																																																																																																Tim Kitzrow																																																																												
																																																																																																																																																Tony Parker																																																																												
																																																																																																																																																Trevor Ariza																																																																												
																																																																																																																																																Tyreke Evans																																																																												
																																																																																																																																																Vince Carter																																																																												
																																																																																																																																																Yao Ming																																																																												
																																																																																																																																																Yi Jianlian																																																																												
																																																																																																																																																Zach Randolph																																																																												
																																																																																																																																																																																																																												
																																																																																																																																																																																																																												
																																																																																																																																																																																																																												
																																																																																																																																																																																																																												
																																																																																																																																																																																																																												
																																																																																																																																																																																																																												
																																																																																																																																																																																																																												
																																																																																																																																																																																																																												
																																																																																																																																																																																																																												
																																																																																																																																																																																																																												
																																																																																																																																																																																																																												
																																																																																																																																																																																																																												
																																																																																																																																																																																																																												
																																																																																																																																																																																																																												
																																																																																																																																																																																																																												
																																																																																																																																																																																																																												
																																																																																																																																																																																																																												
																																																																																																																																																																																																																												
																																																																																																																																																																																																																												
																																														Puni																																																																																																																																																																														
