3D Dot Game Heroes {From}{Sony}	Academy of Champions: Soccer {Ubisoft}{Soccer}	Aggressors of Dark Kombat {SNK}	American Dad vs. Family Guy: Kung-Fu II Turbo! Hyper-Mega Edition {Fox}{Capcom}	Anarchy Reigns {Platinum}	Anna Kournikova's Smash Court Tennis {Namco}{Tennis}	Ar tonelico: Melody of Elemia {Idea Factory}	Art of Fighting 2 {SNK}	Art of Fighting 3: The Path of the Warrior {SNK}	Assassin's Creed: Revelations {Ubisoft}	Assassin's Creed III {Ubisoft}	Atelier Marie: The Alchemist of Salburg {Idea Factory}	Atelier Violet: The Alchemist of Gramnad 2 {Idea Factory}	Avatar: The Last Airbender {Nickelodeon}	Avatar: The Last Airbender – The Burning Earth {Nickelodeon}	Avengers in Galactic Storm {Marvel}	Backyard Baseball (GBA) {Humongous}{Baseball}	Backyard Baseball 2001 {Humongous}{Baseball}	Backyard Football {Humongous}{Football}	Backyard Hockey {Humongous}{Hockey}	Banjo-Tooie {Rare}	Banjo-Pilot {Rare}	Baraduke {Namco}	Batman: The Brave and the Bold – The Videogame (Wii) {DC}	Batman: The Brave and the Bold – The Videogame (DS) {DC}	Battle Arena Toshinden (SAT) {Tamsoft}	Battle Arena Toshinden (PC) {Tamsoft}{Shiny}	Battle Arena Toshinden 2 {Tamsoft}	Battle Arena Toshinden 2 URA {Tamsoft}	Battle Arena Toshinden 3 {Tamsoft}	Toshinden 4 {Tamsoft}	Battles of Prince of Persia {Ubisoft}	Battle Stadium D.O.N. {Shōnen Jump}	Bayonetta {Platinum}{History}	BigHead Bash {Spicy Horse}{Destructoid}{Politics}{Hellboy}{Reality}{Mythology}{History}	Binary Domain (X360) {Sega}	Bit.Trip Presents Runner 2: Future Legend of Rhythm Alien {Gaijin Games}	Bleach: Blade Battlers 2nd {Shōnen Jump}	Bleach: The Blade of Fate {Shōnen Jump}	Bleach: Dark Souls {Shōnen Jump}	Bleach: The 3rd Phantom {Shōnen Jump}	Bleach GC: Tasogare ni Mamieru Shinigami {Shōnen Jump}	Bleach: Shattered Blade {Shōnen Jump}	Bleach: Versus Crusade {Shōnen Jump}	Bleach: Heat the Soul 7 {Shōnen Jump}	Bleach: Soul Carnival 2 {Shōnen Jump}	Bleach Advance: Kurenai ni Somaru Soul Society {Shōnen Jump}	Bleach: Soul Resurrección {Shōnen Jump}	Bloody Roar 4 {Hudson}	Bobobo-bo Bo-bobo Gag Fusion of the 9 Ultimate Warriors {Shōnen Jump}	Bobobo-bo Bo-bobo Great Explosive Hajike Battle {Shōnen Jump}	Bomberman Jetters {Hudson}	Bomberman Live (Hudson}{Destructoid}	Bomberman Wars {Hudson}	Bomberman World {Hudson}	Borderlands {Gearbox}	BurgerTime Deluxe (2009) {Data East}	BurgerTime World Tour {Data East}{Destructoid}	Buriki One {SNK}	Call of Duty: Black Ops {Activision}{History}{Reality}	Call of Duty: Black Ops II {Activision}	Call of Duty: World at War {Activision}	Cannon Spike {Capcom}{Mythology}	Capcom Fighting Evolution {Capcom}	Capcom vs. SNK Pro {Capcom}{SNK}	Capcom vs. SNK 2: Mark of the Millennium 2001 {Capcom}{SNK}	Captain Commando {Capcom}	Captain America and the Avengers {Marvel}	Cars {Disney}	Cars 2: The Video Game {Disney}	Cartoon Network: Punch Time Explosion XL {Cartoon Network}{Mythology}	Cartoon Network Racing (PS2) {Cartoon Network}{Mythology}	Cartoon Network Speedway {Cartoon Network}{Mythology}	Castle Crashers {Indie}	Castlevania Judgment {Konami}{Mythology}	Castlevania: Harmony of Despair {Konami}	Castlevania: Lords of Shadow {Konami}	Castlevania Puzzle: Encore of the Night {Konami}{Mythology}	Celebrity Deathmatch {Reality}{Music}{Mythology}	Celebrity Sports Showdown {Reality}{Music}{Boxing}{Soccer}	Chaos Wars {Idea Factory}{Atlus}	Chocobo Racing {Square}	Civilization IV {History}	Civilization V {History}	Civilization Revolution {History}	ClayFighter {Interplay}	ClayFighter 2: Judgment Clay {Interplay}	ClayFighter: Sculptor's Cut {Interplay}{Mythology}{Shiny}	Codename: Kids Next Door – Operation: V.I.D.E.O.G.A.M.E. {Cartoon Network}	Contra 4 {Konami}	Contra: Shattered Soldier {Konami}	Contra ReBirth {Konami}	Crazy Taxi {Sega}	Cross Edge {Idea Factory}{Capcom}	CY Girls {Konami}	D.Gray-man: The Apostles of God {Shōnen Jump}	Dancing with the Stars (Wii) {Reality}	Dancing with the Stars: We Dance! (Wii) {Reality}{Music}	Night Warriors: Darkstalkers' Revenge {Capcom}	Darkstalkers 3 {Capcom}	DC Universe Online {DC}	Dead or Alive 4 {Tecmo}	Dead or Alive 5 {Tecmo}	Dead or Alive Paradise {Tecmo}	Dead Space 3 {Sony}	Deadliest Warrior: Legends {History}	The Death and Return of Superman {DC}	Def Jam Vendetta {Music}	Def Jam: Fight for NY {Music}	Def Jam: Icon {Music}	Devil May Cry 2 {Capcom}	Devil May Cry 4 {Capcom}	Diddy Kong Racing (N64) {Rare}{Nintendo}	Diddy Kong Racing (DS) {Nintendo}	Disgaea: Hour of Darkness {Nippon Ichi}	Disgaea 2: Dark Hero Days {Nippon Ichi}	Disgaea 3: Absence of Detention {Nippon Ichi}	Disgaea 4: A Promise Unforgotten {Nippon Ichi}	Disgaea D2: A Brighter Darkness {Nippon Ichi}	Disney's Extreme Skate Adventure {Disney}{Basketball}	Disney Magicboard Online {Disney}	Disney Princess {Disney}{Mythology}	Disney Princess: My Fairytale Adventure {Disney}{Mythology}	Disney Sports Basketball {Disney}{Mythology}	Dissidia 012 Final Fantasy {Square}	DJ Hero 2 {Music}	DK King of Swing {Nintendo}	Donkey Kong Barrel Blast {Nintendo}	Donkey Kong Country 3: Dixie Kong's Double Trouble! {Nintendo}	Donkey Kong 64 {Nintendo}	Doom II RPG {id}	Dr. Mario 64 {Nintendo}	Dragon Age: Origins {BioWare}	Dragon Age II {BioWare}	Dragon Ball: Advanced Adventure {Shōnen Jump}	Dragon Ball: Revenge of King Piccolo {Shōnen Jump}	Dragon Ball Z: Super Saiya Densetsu {Shōnen Jump}	Dragon Ball Kai: Ultimate Butōden {Shōnen Jump}	Dragon Ball Z: Budokai 2 {Shōnen Jump}	Dragonball Evolution {Shōnen Jump}	Dragon Ball Z: Budokai Tenkaichi 3 {Shōnen Jump}	Dragon Ball: Raging Blast 2 {Shōnen Jump}	Dragon Ball Z: Dragon Battlers {Shōnen Jump}	Dragon Ball Heroes {Shōnen Jump}	Dragon Quest II {Square}	Dragon Quest IV {Square}	Dragon Quest V {Square}	Dragon Quest VI {Square}	Dragon Quest VII {Square}	Dragon Quest VIII {Square}	Dragon Quest IX {Square}	Dragon Quest & Final Fantasy in Itadaki Street Special {Square}	Dragon Quest & Final Fantasy in Itadaki Street Portable {Square}	DreamMix TV World Fighters {Hudson}{Hasbro}{Konami}	DreamWorks Super Star Kartz {DreamWorks}	Dynasty Warriors 8 {History}	EarthBound {Nintendo}	Ehrgeiz {Square}	Epic Mickey 2: The Power of Two {Disney}	Evolution Skateboarding {Konami}{Xtreme}	F-Zero AX {Nintendo}	F-Zero GX {Nintendo}	F-Zero: GP Legend {Nintendo}	F-Zero: Climax {Nintendo}	Fable Heroes {Lionhead}	Fairytale Fights {Mythology}	Famicom Jump: Hero Retsuden {Shōnen Jump}	Famicom Jump II: Saikyō no Shichinin {Shōnen Jump}	Fatal Fury Special {SNK}	Fatal Fury 3: Road to the Final Victory {SNK}	Fatal Fury: 1st Contact {SNK}	Fight Club {History}	Fight Night Round 2 {Boxing}{Nintendo}	Fight Night Round 4 {Boxing}	Fighter's History Dynamite {SNK}	Fighters Megamix {Sega}	Fighting Vipers (Arcade) {Sega}	Fighting Vipers (Saturn) {Sega}	Final Fantasy {Square}	Final Fantasy II {Square}	Final Fantasy IV {Square}	Final Fantasy IV: The After Years {Square}	Final Fantasy V {Square}	Final Fantasy VI {Square}	Final Fantasy VII {Square}	Final Fantasy VIII {Square}	Final Fantasy IX {Square}	Final Fantasy X {Square}	Final Fantasy X-2 {Square}	Final Fantasy XII {Square}	Final Fantasy XII: Revenant Wings {Square}	Final Fantasy XIII {Square}	Final Fantasy XIII-2 {Square}	Final Fantasy All the Bravest {Square}	Final Fantasy Tactics: War of the Lions {Square}	Final Fantasy Tactics Advance {Square}	Final Fantasy Tactics A2: Grimoire of the Rift {Square}	Final Fight 2 {Capcom}	Final Fight 3 {Capcom}	Final Fight Revenge {Capcom}	Fire Emblem: Binding Blade {Nintendo}	Fire Emblem: Path of Radiance {Nintendo}	Fire Emblem: Radiant Dawn {Nintendo}	Fire Emblem: Shadow Dragon {Nintendo}	Fist of the North Star: Ken's Rage {Shōnen Jump}	Fortune Street {Square}{Nintendo}	Ganbare Goemon! Karakuri Dōchū {Konami}	Ganbare Goemon: Uchū Kaizoku Akogingu {Konami}	Garou: Mark of the Wolves {SNK}	Gears of War 3 {Epic}	Gears of War: Judgment (Walmart) {Epic}	Gears of War: Judgment (Best Buy) {Epic}	Gears of War: Judgment (Gamestop) {Epic}	Gears of War: Judgment (Amazon) {Epic}	Ghostbusters II {Columbia}{Mythology}	Ghostbusters: The Video Game {Columbia}	God of War: Ascension {Sony}{Mythology}	Golden Axe {Sega}	Goof Troop {Disney}	The Grim Adventures of Billy & Mandy (PS2) {Cartoon Network}{Mythology}	Growlanser II: The Sense of Justice {Atlus}	Growlanser III: The Dual Darkness {Atlus}	Growlanser: Heritage of War {Atlus}	Guitar Hero II {Music}	Guitar Hero III: Warriors of Rock {Music}	Guitar Hero: Aerosmith {Music}	Guitar Hero: World Tour {Music}	Guitar Hero: Metallica {Music}	Guitar Hero 5 {Music}	Guitar Hero: Warriors of Rock {Music}{Blizzard}	Gunbird {Capcom}	Gunbird 2 {Capcom}	Halo 3 {Bungie}	Heavenly Sword {Sony}	Hot Shots Golf {Hot Shots}	Hot Shots Golf 2 {Hot Shots}{Sony}	Hot Shots Golf 3 {Hot Shots}{Golf}	Hot Shots Golf Fore! {Hot Shots}{Sony}	Hot Shots Golf: Out of Bounds {Hot Shots}{Sony}	Hot Shots Golf: World Invitational {Hot Shots}{Sony}{Sega}	The Incredibles {Disney}	Injustice: Gods Among Us {DC}{Midway}	Iron Man / X-O Manowar in Heavy Metal {Marvel}
Sackboy	Sam Fisher	Joe Kusanagi	Ryu	Jack Cayman	Heihachi Mishima	Lyner Barsett	Eiji Kisaragi	Robert Garcia	Altaïr ibn-La'Ahad	Desmond Miles	Marlone	Violet Platane	Aang	Aang	Black Knight (Marvel)	Achmed Kahn	Achmed Kahn	Achmed Kahn	Achmed Kahn	Banjo the Honey Bear	Banjo the Honey Bear	"Toby ""Kissy"" Masuyo"	Batman	Batman	Eiji Shinjo	Eiji Shinjo	Eiji Shinjo	Eiji Shinjo	Eiji Shinjo	Subaru Shinjo	The Prince (Sands of Time)	Goku	Bayonetta	Sgt. Smalls	Dan Marshall	CommanderVideo	Byakuya Kuchiki	Bonnie	Bonnie	Arturo Plateado	Byakuya Kuchiki	Arturo Plateado	Aaroniero Arruruerie	Aaroniero Arruruerie	Byakuya Kuchiki	Byakuya Kuchiki	Baraggan Louisenbairn	Yugo the Wolf	Bobobo-bo Bo-bobo	Bobobo-bo Bo-bobo	Bomberman	Bomberman	Hero Bomber	Bomberman	Brick (Borderlands)	Peter Pepper	Peter Pepper	Gai Tendo	"
John F. Kennedy"	Alex Mason	C. Miller	Arthur Pendragon	Ryu	Blanka	Akuma	Captain Commando	Captain America	Lightning McQueen	Mater	Billy (Grim Adventures)	Johnny Bravo	Ed (EE&E)	Green Knight	Simon Belmont	Soma Cruz	Trevor Belmont	Alucard	Anna Nicole Smith	Fergie (singer)	Alice Eliot	Mog	Alexander the Great	Ahmad al-Mansur	Abraham Lincoln	Bad Mr. Frosty	Bad Mr. Frosty	Bad Mr. Frosty	Numbuh 1	Bill Rizer	Bill Rizer	Bill Rizer	Axel (Crazy Taxi)	York Neely	Aska (CY Girls)	Allen Walker	Joey McIntyre	Joey Fatone	Demitri Maximoff	Demitri Maximoff	Bane	Leon (DOA)	Leon (DOA)	Ayane	Isaac Clarke	Alexander the Great	Superman	Briggs (Def Jam)	Baby Chris	Big Boi	Dante	Dante	Diddy Kong	Diddy Kong	Adell	Adell	Adell	Adell	Laharl	Andrew Dolberg	Mickey Mouse	Snow White	Cinderella	Mickey Mouse	Warrior of Light	RZA	Donkey Kong III	Donkey Kong III	Dixie Kong	Donkey Kong III	Doomguy	Mario	The Warden	Hawke (Dragon Age)	Bear Thief	Arale Norimaki	Cargo	Android 16	Android 16	Bulma	Android 8	Android 13	Android 16	Amond	The Prince of Lorasia	Alena	Pankraz Gotha	Carver	Maribel	Jessica Albert	Erinn	Alena	Alena	Simon Belmont	Shrek	Xiahou Dun	Ness	"Ken ""Godhand"" Mishima"	Mickey Mouse	Arto Saari	Antonio Guster	Antonio Guster	Antonio Guster	Antonio Guster	Hammer (Fable)	Red Riding Hood	Kenshiro	Goku	Andy Bogard	Andy Bogard	Terry Bogard	Abraham Lincoln	Marco A. Barrera	Mike Tyson	Ray McDougal	Akira Yuki	Grace (Fighting Vipers)	Grace (Fighting Vipers)	Fighter	Firion	Cecil Harvey	Cecil Harvey	Bartz Klauser	Terra Branford	Cloud Strife	Squall Leonhart	Zidane Tribal	Tidus	Yuna	Vaan	Vaan	Lightning	Serah Farron	Firion	Agrias Oaks	Babus Swain	Adelle	Mike Haggar	Guy (Final Fight)	Cody Travers	Roy (Fire Emblem)	Ashnard	Aran (Fire Emblem)	Marth	Kenshiro	Mario	Goemon	Goemon	Rock Howard	Marcus Fenix	Damon Baird	Damon Baird	Damon Baird	Damon Baird	Peter Venkman	Peter Venkman	Kratos	Tyris Flare	Goofy	Billy (Grim Adventures)	Wein Cruz	Slayn Wilder	Haschen	Axel Steel	Axel Steel	Axel Steel	Aaron Steele	Axel Steel	Axel Steel	Arthas Menethil	Ash (Gunbird)	Marion (Gunbird)	Master Chief	Nariko	Mary	Kumi	Tiffany (Hot Shots Golf)	Allan (Hot Shots Golf)	Jasmine (Hot Shots Golf)	Yuna (Hot Shots Golf)	Mr. Incredible	Aquaman	Iron Man
President Michael Wilson	The Prince (Sands of Time)	Kisarah Westfield	Stan Smith	Blacker Baron	Yoshimitsu III	Aurica Nestmile	Jack Turner	Ryo Sakazaki	Ezio Auditore da Firenze	Ratonhnhaké:ton	Enderk Jad	Bartholomaus Platane	Katara	Katara	Captain America	Alex Rodriguez	Alex Gonzales	Amir Kahn	Amir Kahn	Kazooie the Red-Crested Breegull	Kazooie the Red-Crested Breegull	Takky	Dick Grayson	Blue Beetle	Kayin Amoh	Kayin Amoh	Kayin Amoh	Kayin Amoh	Kayin Amoh	Naru Amoh	King Sharaman	Gohan	Jeanne d'Arc	Betty Bombshell	Shun Akiyama	CommandgirlVideo	Genryūsai Shigekuni Yamamoto	Byakuya Kuchiki	Byakuya Kuchiki	Byakuya Kuchiki	Ganju Shiba	Byakuya Kuchiki	Byakuya Kuchiki	Ayon	Coyote Starrk	Don Kanonji	Byakuya Kuchiki	Alice the Rabbit	Beauty (Bobobo)	Don Patch	Max (Bomberman)	Mr. Destructoid	Fighter Bomber	Fairy Bomber	Lilith (Borderlands)	Sally Salt	Mr. Destructoid	Rob Python	Richard Nixon	"David ""Section"" Mason"	Dimitri Petrenko	Baby Bonnie Hood	Guile	Benimaru Nikaido	Balrog	Mack the Knife	Iron Man	Mater	Lightning McQueen	Mandy (Grim Adventures)	Bunny Bravo	Edd (EE&E)	Red Knight	Dracula	Alucard	Simon Belmont	Richter Belmont	Busta Rhymes	Avril Lavigne	Anastasia Nikolaevna Romanova	Croma	Asoka	Alexander the Great	Alexander the Great	Blob (ClayFighter}	Tiny (ClayFighter)	Blob (ClayFighter)	Numbuh 2	Lance Bean	Lance Bean	Genbei Yagyu	B.D. Joe	Miko Aiba	Ice (CY Girls)	Lenalee Lee	Ashly DelGrosso	Cameron Mathison	Jon Talbain	Jon Talbain	Catwoman	Ayane	Ayane	Christie	John Carver	Attila the Hun	Cyborg Superman	Spider (Def Jam)	David Banner	Bun B	Lucia (Devil May Cry)	Nero	Banjo the Honey Bear	Dixie Kong	Captain Gordon	Almaz	Almaz	Asagi	Etna	Hayden Ferris	Minnie Mouse	Belle (Beauty and the Beast)	Ariel (The Little Mermaid)	Minnie Mouse	Garland	Tiësto	Diddy Kong	Diddy Kong	Kiddie Kong	Diddy Kong	Major Kira Morgan	Wario	Alistair (Dragon Age)	Anders (Dragon Age)	Boar Bandit	Bandages	Chiaotzu	Android 17	Android 17	Chi-Chi	Android 13	Android 14	Android 17	Android 13	The Prince of Cannock	Ragnar McRyan	Bianca Whitaker	Milly	Kiefer	Yangus	Patty (Dragon Quest)	Maya (Dragon Quest)	Maya (Dragon Quest)	TwinBee	Donkey	Dian Wei	Paula Jones	Han Daehan	Oswald the Lucky Rabbit	Colin McKay	Baba	Baba	Baba	Baba	Reaver (Fable)	Jack the Giant Killer	Nukusaku	Ryotsu Kankichi	Axel Hawk	Blue Mary	Andy Bogard	Fred Durst	Diego Corrales	Muhammad Ali	Liu Feilin	Pai Chan	Bahn (Fighting Vipers)	Bahn (Fighting Vipers)	Thief	Maria (Final Fantasy II)	Kain Highwind	Rosa Joanna Farrell	Lenna Charlotte Tycoon	Locke Cole	Barret Wallace	Rinoa Heartilly	Vivi Ornitier	Yuna	Rikku	Penelo	Penelo	Snow Villiers	Noel Kreiss	Cecil Harvey	Alicia	Cheney	Al-Cid Margrace	Maki Genryusai	Mike Haggar	Guy (Final Fight)	Marcus (Fire Emblem)	Astrid (Fire Emblem)	Astrid (Fire Emblem)	Frey (Fire Emblem)	Raoh	Luigi	Nezumi Kozō	Ebisumaru	Terry Bogard	Dom Santiago	Augustus Cole	Augustus Cole	Augustus Cole	Augustus Cole	Ray Stantz	Ray Stantz	Orion	Ax Battler	Max Goof	Mandy (Grim Adventures)	Maximillian Schneider	Annette Burns	Fanille	Casey Lynch	Bret Michaels	Brad Whitford	Axel Steel	Casey Lynch	Carlos Santana	Axel Steel	Marion (Gunbird)	Tavia	The Arbiter	Kai (Heavenly Sword)	Taku (Hot Shots Golf)	Ryo (Hot Shots Golf)	Jonnie (Hot Shots Golf)	Emma (Hot Shots Golf)	Nick (Hot Shots Golf)	Yamato (Hot Shots Golf)	Mrs. Incredible	Ares	X-O Manowar
Raikoh	Altaïr ibn-La'Ahad	Goh Kidokoro	Roger Smith	Mathilda	Eddy Gordo	Misha Arsellec Lune	John Crawley	Kasumi Todoh	Desmond Miles		Hallesch Sleiman	Rodefried Santar	Haru	Sokka	Crystal (Marvel)	Albert Pujols	Alex Rodriguez	Angela Delvecchio	Angela Delvecchio	Mumbo Jumbo	Mumbo Jumbo		Green Lantern (Guy Gardner)	Aquaman	Sofia (Toshinden)	Sofia (Toshinden)	Sofia (Toshinden)	Sofia (Toshinden)	Sofia (Toshinden)	Rook Castle	General Darius	Piccolo	Little King Zero	Don Joe	Majima Goro	CaptainVideo	Gin Ichimaru	Ganju Shiba	Don Kanonji	Di Roy Rinker	Genryūsai Shigekuni Yamamoto	Ganju Shiba	Gin Ichimaru	Baraggan Louisenbairn	Genryūsai Shigekuni Yamamoto	Ganju Shiba	Coyote Starrk	Gado the Lion	Don Patch	Heppokomaru			Witch Bomber	Witch Bomber	Mordecai (Borderlands)			Jacques Ducalis	Fidel Castro	Frank Woods	Petty Officer Locke	Cammy White	M. Bison	Dhalsim	Blanka	Ginzu the Ninja	Hawkeye	Sally (Cars)	Finn McMissile	Aku	Little Suzy	Eddy (EE&E)	Blue Knight	Death	Jonathan Morris	Alucard	Maria Renard	Carmen Electra	LeAnn Rimes	Bunnji Kugashira	Shirma	Augustus Caesar	Ashurbanipal	Catherine the Great	Blue Suede Goo	Blob (ClayFighter)	Bonker (ClayFighter)	Numbuh 3	Mad Dog (Probotector)	Lucia (Contra)	Browny (Contra ReBirth)	Gena (Crazy Taxi)	Anesha	Flame (CY Girls)	Yu Kanda	Stacy Keibler	Hélio Castroneves	Victor von Gerdenheim	Victor von Gerdenheim	Harley Quinn	Bass Armstrong	Bass Armstrong	Helena Douglas		Genghis Khan	Superboy	Tank (Def Jam)	Baxter (Def Jam)	E-40			Conker	Tiny Kong	Etna	Asagi	Aramis	Ash (Phantom Brave)	Flonne	Lauren Filicia	Goofy	Sleeping Beauty	Rapunzel	Donald Duck	Firion	DJ Qbert	Dixie Kong	Dixie Kong		Lanky Kong	Riley O'Connor	Spearhead	Dog (Dragon Age)	Aveline Vallen	Chiaotzu	Chiaotzu	Dende	Android 18	Android 18	Fu-Lum	Android 16	Android 15	Android 18	Android 14	The Princess of Moonbrooke	Borya	Prince Harry	Ashlynn	Gabo	Angelo	Sellma	Meena	Meena	Power Pro-kun	Princess Fiona	Zhang Liao	Jeff Andonuts	Prince Doza		Danny Way	Beastman	Beastman	Beastman	Beastman	Garth (Fable)	Snow White	Goku	Momotaro Tsurugi	Big Bear	Bob Wilson	Joe Higashi	Tyler Durden	Derrick Gainer	Eddie Chambers	Kano Ryoko	Lau Chan	Raxel (Fighting Vipers)	Raxel (Fighting Vipers)	Monk	Guy (Final Fantasy II)	Rydia	Kain Highwind	Galuf Halm Baldesion	Edgar Roni Figaro	Tifa Lockhart	Quistis Trepe	Garnet Til Alexandros XVII	Auron	Paine	Balthier	Llyud	Oerba Dia Vanille	Lightning	Kain Highwind	Alma Beoulve	Eldena	Cid (FFTA2)	Carlos Miyamoto	Dean Morgan	Mike Haggar	Alen (Fire Emblem)	Bastian	Bastian	Cain (Fire Emblem)	Toki (Fist of the North Star)	Yoshi		Goroku	Kim Jae Hoon	Augustus Cole	Garron Paduk	Garron Paduk	Garron Paduk	Garron Paduk	Egon Spengler	Egon Spengler	Achilles	Gilius Thunderhead		Death	Hans Bearnt	Hugh Foster	Melvina	Clive Winston	Casey Lynch	Casey Lynch	Billy Corgan	Clive Winston	Casey Lynch	Casey Lynch	Valnus	Alucard	N'tho 'Sraom		Yuki (Hot Shots Golf)	Suzuki (Hot Shots Golf)	Pete (Hot Shots Golf)	Regis (Hot Shots Golf)	Sophie (Hot Shots Golf)	Isabelle (Hot Shots Golf)	Violet Parr	Bane	
Rikimaru	Jade (Beyond Good and Evil)	Kotaro Fuma	Hayley Smith	Big Bull	Pac-Man	Shurelia	King (Art of Fighting)	Karman Cole			Kreis Kuhl	Brigitt Sihern	Sokka	Toph	Thunderstrike	Amir Kahn	Amir Kahn	Annie Frazier	Annie Frazier	Jinjo	Purple Jinjo		Blue Beetle	Plastic Man	Rungo Iron	Rungo Iron	Rungo Iron	Rungo Iron	Rungo Iron	Puella Marionette	The Vizier	Vegeta		Mau	 Ryuji Goda	Reverse Merman	Grimmjow Jaegerjaquez	Genryūsai Shigekuni Yamamoto	Ganju Shiba	Don Kanonji	Gin Ichimaru	Genryūsai Shigekuni Yamamoto	Grimmjow Jaegerjaquez	Byakuya Kuchiki	Gin Ichimaru	Gin Ichimaru	Gin Ichimaru	Long the Tiger	Heppokomaru	Softon			Thief Bomber	Hero Bomber	Roland (Borderlands)			Seo Yong Song	Robert McNamara	Farid (CoD)	Tank Dempsey	Charlie (Street Fighter)	Zangief	King (Art of Fighting)	Cammy White	Baby Head	Vision	Doc Hudson	Holley Shiftwell	Ben Tennyson	Carl Chryniszzswics	Courage the Cowardly Dog	Orange Knight	Golem (Castlevania)	Charlotte Aulin		Dracula	Carrot Top	Keith Urban	Carmine (Growlanser)	Behemoth	Otto von Bismarck	Askia Mohammad I	Cleopatra	Bonker (ClayFighter)	Nana Man	Kung Pow (ClayFighter)	Numbuh 4	Scorpion (Probotector)		Pliskin	Gus (Crazy Taxi)	Augustine	Benigumo	Lavi	Tony Dovolani	Drew Lachey	Lord Raptor	Lord Raptor	Huntress	Bayman (DOA)	Bayman (DOA)	Hitomi		Hannibal Barca	Steel (DC)	Proof (Def Jam)	Blaze (Def Jam)	Ghostface Killah			Krunch	Krunch	Flonne	Ash (Phantom Brave)	Asagi	Asuka Cranekick	Sicily	Jonathon Gallagher	Donald Duck	Cinderella	Belle (Beauty and the Beast)	Daisy Duck	Emperor Mateus	deadmau5	Funky Kong	Tiny Kong		Tiny Kong		Webber	Leilana (Dragon Age)	Bethany Hawke	Dog-Wolf	Drum	Gohan	Android 20	Android 20	Grandpa Gohan	Android 17	Android 16	Android 19	Android 15		Kiryl	Nera Briscoletti	Nevan	Melvin		Aquila	Bianca Whitaker	Bianca Whitaker	Solid Snake	Alex (Madagascar)	Cao Cao	Poo	"Yoko ""Yoyo"" Kishibojin"		Kerry Getz	Billy (F-Zero)	Billy (F-Zero)	Billy (F-Zero)	Billy (F-Zero)	Scythe (Fable)	The Naked Emperor	Ryo Saeba	Jotaro Kujo	Billy Kane	Franco Bash	Mai Shiranui	Jack (Fight Club)	Kevin Kelley	George Foreman	Matlock Jade	Wolf Hawkfield	Tokio (Fighting Vipers)	Tokio (Fighting Vipers)	Red Mage	Leon (Final Fantasy II)	Tellah	Rydia	Faris Scherwiz	Sabin Rene Figaro	Aerith Gainsborough	Zell Dincht	Adelbert Steiner	Kimahri		Fran (Final Fantasy)	Balthier	Sazh Katzroy	Noel Kreiss	Rydia	Argath Thadalfus	Ezel Berbier	Frimelda Lotice		Lucia Morgan	El Gado	Lance (Fire Emblem)	Boyd (Fire Emblem)	Black Knight (Fire Emblem)	Abel (Fire Emblem)	Jagi (Fist of the North Star)	Bowser		Baban	Kim Dong Hwan	Damon Baird	Ezra Loomis	Ezra Loomis	Ezra Loomis	Ezra Loomis	Winston Zeddemore	Winston Zeddemore	Perseus			Irwin (Grim Adventures)	Charlone Claudius	Viktor Hugo	Krious	Eddie Knox	Elroy Budvis	DMC	Casey Lynch	Eddie Knox	Clive Winston	Clive Winston	Yuan Nang	Hei-Cobb	Usze 'Taham		Sam (Hot Shots Golf)	Hitomi (Hot Shots Golf)	Stacey (Hot Shots Golf)	Lin (Hot Shots Golf)	Bjorn (Hot Shots Golf)	Chang (Hot Shots Golf)	Dash Parr	Batgirl	
Ayame (Tenchu)	Mia Hamm	Leonhalt Domador	Klaus Heissler	Rin Rin	Reiko Nagase	Jack Hamilton	Lee Pai Long	Rody Birts			Kugel Richter	Eisel Weimar	Momo (Avatar)	Zuko	Doctor Minerva	Angela Delvecchio	Angela Delvecchio	Ashley Webber	Ashley Webber	Jamjars	Humba Wumba		Hawkman	Green Arrow	Fo Fai	Fo Fai	Fo Fai	Fo Fai	Fo Fai	Lancelot Lateknight	Prince Kalim	Frieza		Peckerhead	Kazuma Kiryu	Unkle Dill	Hiyori Sarugaki	Gin Ichimaru	Genryūsai Shigekuni Yamamoto	Edrad Liones	Ichigo Kurosaki	Gin Ichimaru	Ichigo Kurosaki	Cirucci Sanderwicci	Grimmjow Jaegerjaquez	Hanatarō Yamada	Grimmjow Jaegerjaquez	Shina the Leopard	Tokoro Tennosuke	Tokoro Tennosuke			Cleric Bomber	Bishop Bomber				Takato Saionji	Sarah Michelle Gellar	Raul Menendez	Takeo Masaki	Mega Man	Anakaris	Cammy White	Chun-Li			Ramone (Cars)	Miles Axlerod	Blossom	Cow (Cow and Chicken)	Sheep	Gray Knight	Carmilla	Shanoa		Succubus	Cousin Grimm	Nelly Furtado	Krious	Bahamut	Boudica	Attila the Hun	Elizabeth I	Helga (ClayFighter)	Octohead	Houngan	Numbuh 5					Aurica Nestmile	X (CY Girls)		Lisa Rinna	Mel B	Morrigan Aensland	Morrigan Aensland	Joker	Brad Wong	Brad Wong	Kasumi		Hernán Cortés		Keith Murray	Bless	Jim Jones			Tiptup	Tiptup	Hoggmeiser	Axel (Disgaea)	Asuka Cranekick	Axel (Disgaea)	Barbara (Disgaea)	Ryan Holleran	Daisy Duck	Ariel (The Little Mermaid)	Tiana	Goofy	Onion Knight	 David Guetta	Wrinkly Kong	Funky Kong		Chunky Kong		Silky	Morrigan (Dragon Age)	Carver Hawke	Drum	General Blue	Goku	Bardock	Captain Ginyu	Goku	Android 18	Android 17	Android 20	Android 16		Torneko Taloon	Sancho	Terry (Dragon Quest)	Aira			Kiefer	Kiefer	Moai	Marty (Madagascar)	Xu Zhu		Lee Shuwen		Mark Appleyard	Bio Rex	Bio Rex	Bio Rex	Bio Rex	Gabriel (Fable)		Arale Norimaki	Ta-chan	Cheng Sinzan	Geese Howard	Blue Mary	"Robert ""Bob"" Paulson"	Juan Manuel Marquez	Joe Frazier	Samchay Tomyamgun	Jeffry McWild	Sanman (Fighting Vipers)	Sanman (Fighting Vipers)	Black Mage	Minwu	Edward Chris von Muir	Yang Fang Leiden	Krile Mayor Baldesion	Cyan Garamonde	Red XIII	Selphie Tilmitt	Freya Crescent	Wakka		Basch fon Rosenburg	Fran (Final Fantasy)	Hope Estheim	Lightning	Bartz Klauser	Balthier	Judgemaster Cid Randell	Hurdy			Sodom (Final Fight)	Wolt (Fire Emblem)	Brom (Fire Emblem)	Boyd (Fire Emblem)	Jagen (Fire Emblem)	Rei (Fist of the North Star)	Toad (Mario)			Tizoc	Anya Stroud	Minh Young Kim	Minh Young Kim	Minh Young Kim	Minh Young Kim	Lady Liberty	Rookie (Ghostbusters)	Odysseus			Harold (Grim Adventures)	Xenos Langley	Yayoi Tachibana	Elessa	Grim Ripper	God of Rock	Elroy Budvis	Clive Winston	Elroy Budvis	Eddie Knox	Eddie Knox	Tetsu	Valpiro			Ralf (Hot Shots Golf)	Takuya (Hot Shots Golf)	Spike (Hot Shots Golf)	Misaki (Hot Shots Golf)	Suzuki (Hot Shots Golf)	Lani (Hot Shots Golf)	Frozone	Batman	
Rin (Tenchu)	Pelé	Sheen Genus	Steve Smith (American Dad)	"Leonhardt ""Leo"" Victorion"	Richard Miller	Krusche Elendia	Mickey Rogers	Lenny Creston			Kyrielich Fagnah	Klara Barbier		Iroh	Korath	Annie Frazier	Annie Frazier	Billy Jean Blackwood	Billy Jean Blackwood	Gruntilda	Bottles the Mole		Music Meister	Red Tornado	Mondo	Mondo	Mondo	Mondo	Mondo	Fen Barefoot	General Arun	Trunks 		Albert III		Whetfahrt Cheeseborger	Hollow Ichigo	Hollow Ichigo	Gin Ichimaru	Fujimaru Kudō	Ikkaku Madarame	Grimmjow Jaegerjaquez	Ikkaku Madarame	Coyote Starrk	Hiyori Sarugaki	Ichigo Kurosaki	Hollow Ichigo	Jenny the Bat	Softon	Dengakuman			Archer Bomber	Monk Bomber				Payak Sitpitak	Robert Englund	"Chloe ""Karma"" Lynch"	Nikolai Belinski	Shiba Shintaro	Demitri Maximoff	Sakura Kasugano	Dan Hibiki			Flo (Cars)	Professor Zundapp	Bubbles	Chicken (Cow and Chicken)	Johnny Bravo	Barbarian (Castle Crashers)	Trevor Belmont	Julius Belmont		Master Librarian	Dennis Rodman	Paul Pierce	Emily Itukushima	Squall Leonhart	Brennus	Augustus Caesar	Genghis Khan	Ickybod Clay	T-Hoppy	T-Hoppy						Ayatane Michitaka	Coffy		Louis van Amstel	Jennie Garth	Anakaris	Anakaris	Dick Grayson	Christie	Christie	Kokoro		Jeanne d'Arc		Capone	Bo (Def Jam)	Kano (Def Jam)			Pipsy	Pipsy	Jennifer (Disgaea)	Captain Gordon	Aurum	DESCO	Xenolith	Miles McConnell	Pluto	Princess Jasmine		Huey Duck	Cloud of Darkness	Bjorn 2 Boogie	Kremling	Wrinkly Kong				Appleby	Oghren (Dragon Age)	Fenris (Dragon Age)	Emperor Pilaf	Grandpa Gohan	Krillin	Broly	Cell	King Piccolo	Android 19	Android 18	Arale Norimaki	Android 17		Meena	Debora Briscoletti	Amos (Dragon Quest)	Flower			Maribel	Maribel	Bomberman	Skipper (Madagascar)	Xiahou Yuan		Sasuke (Ehrgeiz)		Rick McCrank	Black Shadow	Black Shadow	Black Shadow	Black Shadow	Lucien (Fable)		Pegasus Seiya	Tarurūto	Duck King	Hon Fu	Kim Kaphwan	Angel Face	Rafael Marquez	Lennox Lewis	Lee Diendo	Kage-Maru	Jane (Fighting Vipers)	Jane (Fighting Vipers)	White Mage	Josef (Final Fantasy)	Rosa Joanna Farrell	Cid Pollendina		Gau	Cait Sith	Irvine Kinneas	Quina Quen	Lulu (Final Fantasy)		Ashe	Kytes	Oerba Yun Fang	Sazh Katzroy	Krile Mayor Baldesion	Beowulf Cadmus	Lini	Luso Clemens			Poison (Final Fight)	Bors (Fire Emblem)	Bryce (Fire Emblem)	Brom (Fire Emblem)	Gordin (Fire Emblem)	Shin (Fist of the North Star)	Donkey Kong III			Khushnood Butt	Samantha Byrne	Tai Kaliso	Tai Kaliso	Tai Kaliso	Tai Kaliso		Slimer				Eris	Riviera Marius	Raimy		Izzy Sparks	Grim Ripper	Izzy Sparks	Eddie Knox	Fembot	Frankenrocker	Izzy Sparks		Aine			Susan (Hot Shots Golf)	Silvia	Lin (Hot Shots Golf)	Hubert (Hot Shots Golf)	Toro Inoue	Pancho (Hot Shots Golf)		Black Adam	
Dr. Tesshu		Lee Hae Gwon	Francine Smith	Sasha Ivanoff	Sherudo Garo	Radolf Schnaizen	Mr. Big	Jin Fu-Ha			My Sextans	Dastin Schmied		Jet (Avatar)	Shatterax	Ashley Webber	Ashley Webber	Brett Favre	Brian Leetch		Gruntilda		Bat-Mite	Green Lantern (Hal Jordan)	Duke B. Rambert	Duke B. Rambert	Duke B. Rambert	Duke B. Rambert	Duke B. Rambert	Genma (Toshinden)	Saurva	Cell 		Inspectrum		Pitazo	Ichigo Kurosaki	Ichigo Kurosaki	Goteitaishi	Genryūsai Shigekuni Yamamoto	Jūshirō Ukitake	Hanatarō Yamada	Kenpachi Zaraki	Dordoni Alessandro Del Socaccio	Hollow Ichigo	Ikkaku Madarame	Ichigo Kurosaki	Busuzima the Chamelon	Dengakuman	Torpedo Girl			Monk Bomber	Ninja Bomber				Song Xuandao	Danny Trejo	"Abigail ""Misty"" Briarton"	Edward Richtofen	Simone	Felicia	Vice	Dhalsim			Sheriff (Cars)	Grem	Buttercup	Flem	Cow (Cow and Chicken)	Thief (Castle Crashers)	Grant Danasty	Yoko Belnades		Death	Frankenstein's Monster	Mia Hamm	Endia	Cid (Chocobo Racing)	Catherine the Great	Boudica	Julius Caesar	Taffy	Kangoo	Taffy						Bourd Rade			Emmitt Smith	Apolo Ohno	Felicia	Felicia	Tim Drake	Eliot (DOA)	Eliot (DOA)	Leifang (DOA)		Shaka Zulu		WC	Bone Crusher	Lil Jon			Timber	Timber	Kurtis	Dark Éclair	Axel (Disgaea)	DES X	Asagi	Sam Rosenberg				Dewey Duck	Bartz Klauser	Candy Nova	King K. Rool	Cranky Kong				Jellybob	Shale (Dragon Age)	Isabela (Dragon Age)	Flying Camera	Goku	Maima	Burter	Cooler	Mai (Dragon Ball Wiki)	Android 20	Android 19	Baby (Dragon Ball)	Android 18		Maya (Dragon Quest)	Tuppence	Drango	Hank			Jessica Albert	Jessica Albert	Master Higgins	Hiccup	Xu Huang		Dasher Inoba		Steve Williams	Blood Falcon	Blood Falcon	Blood Falcon	Blood Falcon	Maze (Fable)		Momotaro Tsurugi	Maeda Taison	Geese Howard	Jin Chonrei	Duck King	Irvin (Fight Club)	Erik Morales	Tommy Morrison	Makoto Mizoguchi	Sarah Bryant	Candy (Fighting Vipers)	Candy (Fighting Vipers)		Gordon (Final Fantasy)	Yang Fang Leiden	Edge Geraldine		Celes Chere	Cid Highwind	Seifer Almasy	Eiko Carol	Rikku		Reks	Filo	Gadot		Terra Branford	Boco	Littlevili	Montblanc			Hugo Andore	Merlinus (Fire Emblem)	Calill (Fire Emblem)	Caineghis (Fire Emblem)	Draug (Fire Emblem)	Thouzer (Fist of the North Star)	Wario			Gato	Dizzy Wallin	Anya Stroud	Alex Brand	Marcus Fenix	Dom Santiago						Nergal	Carmaine Fallsmyer			Johnny Napalm	Izzy Sparks	Joe Perry	Elroy Budvis	Izzy Sparks	Gerald Contest Winner	Johnny Napalm		Morrigan Aensland			Buzz (Hot Shots Golf)	Charles	Mitch (Hot Shots Golf)	Sam (Hot Shots Golf)	Sackboy	Grace (Hot Shots Golf)		Catwoman	
"
Okita Souji"		Bobby Nelson	Peter Griffin	Nikolai Dmitri Bulygin	Anna Kournikova	Ayatane Michitaka	Robert Garcia	Wang Koh-San			Natalie Kohdelia	Sawitt Kipper		Momo (Avatar)	Supremor	Barry Bonds	Barry Bonds	Dante Robinson	Curtis Joseph		Klungo		Proto		Ellis (Toshinden)	Ellis (Toshinden)	Ellis (Toshinden)	Ellis (Toshinden)	Ellis (Toshinden)	Miyabi	Sindra	Majin Buu		Hertz			Ikkaku Madarame	Jūshirō Ukitake	Grand Fisher	Gin Ichimaru	Kaien Shiba	Ichigo Kurosaki	Luppi Antenor	Gantenbainne Mosqueda	Ichigo Kurosaki	Izuru Kira	Kenpachi Zaraki	Stun the Insect	Hatenko	Hatenko			Giant Bomber	Merchant Bomber				Patrick Van Heyting	Michael Rooker	Samuel J. Stuhlinger			Jedah Dohma	Yuri Sakazaki	Eagle			Wingo (Cars)	Acer	Captain K'nuckles	Earl (Cow and Chicken)	Chicken (Cow and Chicken)	Fencer (Castle Crashers)	Sypha Belnades	Richter Belmont		Shaft	Gladiatior Nick	Kristi Yamaguchi	Gaizan	Moomba	Charlemagne	Casimir III the Great	Mao Zedong	Tiny (ClayFighter)	Ice (ClayFighter)	Earthworm Jim						Cece			Cheryl Burke	Jane Seymour	Oboro Bishamon	Oboro Bishamon	Two-Face	Gen Fu	Gen Fu	Lisa Hamilton		Sun Tzu		Ghostface Killah	Bubba Sparxxx	Ludacris			Bumper	Bumper	Laharl	Etna	Beyond X	Emizel	Grosso	Rachel Testa				Louie Duck	Exdeath	Cletus Cuts	Bubbles	Kip				Octo	Sten (Dragon Age)	Merrill (Dragon Age)	General Blue	King Piccolo	Nail	Captain Ginyu	Dabura	Master Roshi	Appule	Android 20	Bardock	Android 19		Healie	Honey (Dragon Quest)	Rookie (Dragon Quest)	Jann			Angelo	Angelo	Yugo the Wolf	Toothless	Zhang He		Wolf Girl Jo		Solid Snake	Captain Falcon	Captain Falcon	Captain Falcon	Captain Falcon	Ben Finn		Bankichi Tokawa		Joe Higashi	Jin Chonshu	Hon Fu	The Mechanic (Fight Club)	Manny Pacquiao	James Toney	Jean Pierre	Jack Bryant	Picky	Picky		Leila (Final Fantasy)	Palom	Palom		Setzer Gabbiani	Yuffie Kisaragi	Edea Kramer	Amarant Coral	Seymour		Larsa Ferrinas Solidor	Ashe	Lebreau		Locke Cole	Byblos	Marche Radiuju	Penelo			Damnd	Elen (Fire Emblem)	Devdan (Fire Emblem)	Calill (Fire Emblem)	Norne (Fire Emblem)	Mamiya (Fist of the North Star)	Waluigi			Hotaru Futaba	Jayce Stratton										Fred Fredburger	Brett Varner			Judy Nails	Johnny Napalm	Johnny Napalm	Hayley Williams	James Hetfield	Golden God	Judy Nails					Daryl (Hot Shots Golf)	Ben (Hot Shots Golf)	Estelle (Hot Shots Golf)	Toni (Hot Shots Golf)	Sasha (Hot Shots Golf)	Stuart (Hot Shots Golf)		Cyborg	
"
Santa Claus"			Lois Griffin	Durga	Kei Nagase		Ryo Sakazaki	Sinclair			Ruven Filnir	Mivis Pfalz		Appa		Billy Jean Blackwood	Barry Larkin	Dmitri Petrovich	Dante Robinson		Jolly Roger				Gaia (Toshinden)	Gaia (Toshinden)	Gaia (Toshinden)	Gaia (Toshinden)	Gaia (Toshinden)	Bang-Boo	Aesma	Monkey D. Luffy		Tribo			Izuru Kira	Kaname Tōsen	Hanatarō Yamada	Grimmjow Jaegerjaquez	Kaname Tōsen	Ikkaku Madarame	Mayuri Kurotsuchi	Genryūsai Shigekuni Yamamoto	Ikkaku Madarame	Jinta Hanakari	Kokutō	Bakuryu the Mole	Torpedo Girl	Gunkan (Bobobo)			Fairy Bomber					Ivan Sokolov	Alex Mason	Marlton Johnson			Guy (Final Fight)	Dan Hibiki	Edmond Honda			Chick Hicks	Guido	Captain Planet	Dexter	Jonny 2X4	Killer Beekeeper	Alucard	Maria Renard		Lisa (Castlevania)	Jerry Springer	Reggie Bush	Gepetto (Shadow Hearts)	Cloud Strife	Winston Churchill	Catherine the Great	Mohandas Gandhi	N. Boss	Butch (ClayFighter)	Ickybod Clay						Demitri Maximoff			Mario Lopez	Sabrina Bryan	Rikuo	Rikuo	Amon Sur	Hayate	Hayate	Tina Armstrong		Vlad the Impaler		Joe Budden	Capone	Mike Jones			Drumstick	Drumstick	Maderas	Flonne	Bo Tie	Etna	Galungun the Destroyer	Mallie Ann Torres				José Carioca	Terra Branford	Cool Papa G.		Kass				Helio	Wynne (Dragon Age)	Sebastian Vael	Giran	Krillin	Piccolo	Cell	Frieza	Yamcha	Arale Norimaki	Bardock	Broly	Android 20		Laurel	Starkers		Kasim			Yangus	Yangus	Momotarō	B.O.B.	Cao Ren		Koji Masuda		Simon Belmont	Dr. Clash	Dr. Clash	Dr. Clash	Dr. Clash	Jack of Blades		Reiki Kikoku		Jubei Yamada	Joe Higashi	Cheng Sinzan	Ricky (Fight Club)	Mike Anchondo	Sonny Liston	Marstorius	Shun Di	Mahler (Fighting Vipers)	Mahler (Fighting Vipers)		Richard Highwind	Porom	Porom		Shadow (Final Fantasy)	Vincent Valentine	Laguna Loire	Cid Fabool IX			Vossler York Azelas	Basch fon Rosenburg			Celes Chere	Cloud Strife	Montblanc	Vaan			Edi E.	Dieck (Fire Emblem)	Elincia	Danved (Fire Emblem)	Shiida (Fire Emblem)	Yuda (Fist of the North Star)	Princess Daisy			Freeman	Clayton Carmine										The Boogeyman	Sereb			Lars Ümlaüt	Judy Nails	Judy Nails	Izzy Sparks	Johnny Napalm	Izzy Sparks	Lars Ümlaüt					Raul (Hot Shots Golf)	Leon (Hot Shots Golf)	Toni (Hot Shots Golf)	Chaos (Hot Shots Golf)	Felipe (Hot Shots Golf)	Amy (Hot Shots Golf)		Deathstroke	
			Chris Griffin	Garuda			Takuma Sakazaki	Wyler			Schia Donnerstage	Roland Ofen				Bobby Higginson	Billy Jean Blackwood	Donovan McNabb	Dmitri Petrovich						Sho Shinjo	Sho Shinjo	Sho Shinjo	Sho Shinjo	Sho Shinjo	Eiji Shinjo		Tony Tony Chopper		No Doctor No			Jūshirō Ukitake	Kenpachi Zaraki	Ichigo Kurosaki	Hanatarō Yamada	Kenpachi Zaraki	Izuru Kira	Nelliel Tu Odelschwanck	Gin Ichimaru	Kenpachi Zaraki	Jirōbō Ikkanzaka	Nnoitra Gilga	Shenlong the Tiger		OVER (Bobobo)			Bishop Bomber					Akatsuki-Maru	Jason Hudson	Russman			Karin Kanzuki	Joe Higashi	Guile			Darrell Cartrip	Luigi (Cars)	Chowder	Dee Dee	Muriel Bagge	Industrialist (Castle Crashers)	Maria Renard	Simon Belmont		Galamoth	Marilyn Manson	Sugar Ray Leonard	Beyond the Grave	Aya Brea	Cyrus the Great	Darius I	Montezuma II		Slyck	Sumo Santa						Etna			Karina Smirnoff	Mark Cuban	Sasquatch	Sasquatch	Arkillo	Helena Douglas	Helena Douglas	Rio (Super BlackJack)		William Wallace		Scarface (Def Jam)	Carmen Electra	Paul Wall				Taj the Genie	Marjoly	Fubuki	Breezy Satina	Evil Ranger Pink	Rainier	Matthew Weber				Max Goof	Kefka Palazzo	DJ Kid Itch		Kopter				Lumpy	Zevran Arainai	Varric Tethras	Grandpa Gohan	Master Roshi	Tien Shinhan	Chiaotzu	Future Trunks		Babidi	Bojack	Captain Ginyu	Angila		Hardie	Rebjørn		Matilda			Trode	Trode	Sengoku Manjimaru		Cao Pi		Clair Andrews		Raiden (Metal Gear)	Dr. Stewart	Dr. Stewart	Dr. Stewart	Dr. Stewart	Theresa (Fable)		Joseph Joestar		Kim Kaphwan	Mai Shiranui	Tung Fu Rue	Lou (Fight Club)	Diego Corrales	Vitali Klitschko	Liu Yungmie	Lion Rafale	B.M. (Fighting Vipers)	B.M. (Fighting Vipers)		Scott (Final Fantasy)	Cid Pollendina	Edward Chris von Muir		Relm Arrowny	Sephiroth	Ward Zabac	Marcus (Final Fantasy)			Reddas	Ba'Gamnan			Setzer Gabbiani	Construct 8	Pallanza				Horace Belger	Wade (Fire Emblem)	Ena (Fire Emblem)	Edward (Fire Emblem)	Wrys (Fire Emblem)	Shew	Birdo			Kevin Rian	Aaron Griffin										Mutant Chicken	Arieta Lyuis			Pandora	Lars Ümlaüt	Lars Ümlaüt	Jimi Hendrix	Judy Nails	Johnny Cash	Metalhead					Iceman (Hot Shots Golf)	Hawk (Hot Shots Golf)	John Daly	Kamala	Sonia (Hot Shots Golf)	Xiao Ling (Hot Shots Golf)		Doomsday	
			Stewie Griffin	Little King Zero			Temjin				Schwalbe Satz	Katharina Tracken				Brad Radke	Cal Ripken Jr.	Ernie Steele	Ernie Steele						Cupido	Earthworm Jim	Tracy (Toshinden)	Tracy (Toshinden)	Tracy (Toshinden)	Eos (Toshinden)		Sanji		Angry Cadaver			Kaname Tōsen	Kon	Ikkaku Madarame	Hiyori Sarugaki	Kisuke Urahara	Jūshirō Ukitake	Nnoitra Gilga	Grimmjow Jaegerjaquez	Kisuke Urahara	Kaien Shiba	Rukia Kuchiki	Uriko the Half Beast		Halekulani			Paladin Bomber					Ryo Sakazaki	Viktor Reznov	"Michael ""Finn"" O'Leary"			Rose (Street Fighter)	Ryu	Ken Masters (Street Fighter)			"Strip ""The King"" Weathers"	Sarge (Cars)	Dexter	Dexter's Mom	Swanky the Poodle	Alien Hominid	Eric Lecarde	Getsu Fūma			Miss Cleo		Hayatemaru Muodin	Jack (3-D Worldrunner)	Darius I	Dido	Napoleon Bonaparte		Dr. Peelgood	Dr. Kiln						Felicia			Joey Lawrence	Edyta Sliwinska	Donovan Baine	Jedah Dohma	Bizarro	Hitomi	Hitomi			"Richard ""Mack"" Machowicz"		N.O.R.E.	Chiang	Redman				Wizpig	Pleinar	Gig	Captain Gordon	Fenrich		Lil Romeo				Pete (Disney)	Kain Highwind	DJ Surikizu		Kalypso				Hammer-Bot	Teyrn Loghain Mac Tir	Tallis (Dragon Age)	Goku	Mercenary Tao	Tsumuri	Dodoria	Gohan		Baby (Dragon Ball)	Broly	Cell	Baby (Dragon Ball)		Oojam			The Woodcutter			Marcello	Marcello	Binbōgami		Zhenji		Django		Frogger	Draq	Draq	Draq	Draq	Sir Walter		Jouji Kanno		Laurence Blood	Ryuji Yamazaki	Ryuji Yamazaki	Raymond (Fight Club)	Roberto Duran	Wladimir Klitschko	Zazie Muhaba	Dural	Kumachan (Fighting Vipers)	Kumachan (Fighting Vipers)			Edge Geraldine	Golbez		Strago Magus		Kiros Seagill	Blank							Cloud Strife	Count Cidolfus Orlandeau	Quin				Rolento Schugerg	Lot (Fire Emblem)	Gatrie (Fire Emblem)	Elincia	Ogma	Juza (Fist of the North Star)	Bowser Jr.			Bonne Jenet	Benjamin Carmine										Clown (Grim Adventures)	Leonard Cruz			Xavier Stone	Lou (Guitar Hero)	Lou (Guitar Hero)	Johnny Napalm	King Diamond	Johnny Napalm	Minotaur						Leila (Hot Shots Golf)	Kamala	Maya (Hot Shots Golf)	Bloom (Hot Shots Golf)	Max (Hot Shots Golf)		The Flash	
			Meg Griffin	Edgar Oinkie			Yuri Sakazaki					Pamela Ibis				Carlos Beltran	Carlos Beltran	Gretchen Hasselhoff	Gretchen Hasselhoff								Vermilion (Toshinden)	Vermilion (Toshinden)	Vermilion (Toshinden)	Zero (Toshinden)		Roronoa Zoro		Hop Head			Kenpachi Zaraki	Mayuri Kurotsuchi	Izuru Kira	Ichigo Kurosaki	Mayuri Kurotsuchi	Kaname Tōsen	Rangiku Matsumoto	Hachigen Ushōda	Kon	Kaname Tōsen	Shunsui Kyōraku	Xion the Unborn		Serviceman			Bomber Musashi					Silber	Major Neitsch	"Albert ""Weasel"" Arlington"			Sakura Kasugano	Kyo Kusanagi	Kyosuke Kagami			Count Spatula	Fillmore	Father (CKND)	Dexter's Dad	Little Suzy	Brute (Castle Crashers)	Cornell				Mr. T		Hijikata Toshizo		Charles de Gaulle	Dom Pedro II	Otto von Bismarck		Jack (ClayFighter)	Lady Liberty						Jedah Dohma			Edyta Sliwinska	Julianne Hough	Hsien-Ko	Hsien-Ko	John Stewart	Jann Lee	Jann Lee					Ludacris	Cindy J	Sean Paul					Priere	Hanako	Etna	Flonne		Simba				Mortimer Mouse	Gilgamesh (Final Fantasy)	Fro Train		Kludge				Mad Scienstein	Anders (Dragon Age)		King Piccolo	Ninja Murasaki	Vegeta	Frieza	Goku		Bardock	Burter	Cell Jr.	Bardock		Hank Hoffman Jr.			Zaji			Cloud Strife	Cloud Strife	Optimus Prime		Pang De		Cloud Strife			Gomar	Gomar	Gomar	Gomar			Isamu (Kōya no Shōnen Isamu)		Mai Shiranui	Sokaku Mochizuki	Sokaku Mochizuki	Stern (Fight Club)	Arturo Gatti	Evander Holyfield	Clown (FH)	Grace (Fighting Vipers)	Pandachan	Pandachan			Fusoya	Fusoya		Mog			Cinna							Tifa Lockhart	Delita Heiral	Ritz Malheur					Shanna (Fire Emblem)	Geoffrey (Fire Emblem)	Ena (Fire Emblem)	Barst	Fudo (Fist of the North Star)	Princess Peach			Hokutomaru	Richard Prescott										Dracula					Metalhead	Metalhead	Johnny Viper	Kirk Hammett	Judy Nails	Pandora						Cougar (Hot Shots Golf)	Zeus (Hot Shots Golf)	Zeus (Hot Shots Golf)	Fernando (Hot Shots Golf)	Pandora (Hot Shots Golf)		Green Arrow	
			Brian Griffin	Fei Rin								Paul (Atelier Violet)				Carlos Delgado	Chipper Jones	Jeff Garcia	Jarome Iginla								Chaos (Toshinden)	Ripper (Toshinden)	David (Toshinden)	Vermilion (Toshinden)		Nami		Alice Liddell			Kisuke Urahara	Momo Hinamori	Jūshirō Ukitake	Ikkaku Madarame	Momo Hinamori	Kenpachi Zaraki	Renji Abarai	Hiyori Sarugaki	Nnoitra Gilga	Kenpachi Zaraki	Suì-Fēng	Kohryu the Iron Mole		Denbo (Bobobo)			Ninja Bomber						Captain Mosely	Salvatore DeLuca			Leo	Ken Masters (Street Fighter)	M. Bison				Carla Veloso	Flapjack	Mandark	Satan	Snakey	Shanoa				Mummy		Hiro (Spectral Souls)		Elizabeth I	Elizabeth I	Queen Isabella		Spike (ClayFighter)	High Five						Judas			Monique Coleman	Cheryl Burke	Huitzil	Lilith (Darkstalkers)	Kilowog	Kasumi	Kasumi					Method Man	Crack	T.I.					Rozalin	Hanako	Flonne	Fuka		Nala				Big Bad Wolf	Cloud Strife	Jugglernort		Klump				Rudy the Clown	Justice Dragon Age)		Krillin	Spike (Dragon Ball)	Yamcha	Future Trunks	Goten		Bojack	Captain Ginyu	Chiaotzu	Bido		Tom Foolery						Sephiroth	Sephiroth	Tyson Granger		Cai Wenji		Tifa Lockhart			Jack Levin	Jack Levin	Jack Levin	Jack Levin			Tsubasa Oozora		Terry Bogard	Terry Bogard	Jin Chonshu	Richard Chesler	Juan Lazcano	Tomasz Adamek	Karnov	Bahn (Fighting Vipers)	Pepsiman	Sonic the Hedgehog				Luca		Umaro			General Beatrix							Aerith Gainsborough	Goffard Gaffgarion	Shara					Chad (Fire Emblem)	Giffca (Fire Emblem)	Fiona (Fire Emblem)	Bord (Fire Emblem)	Ryuga (Fist of the North Star)	The Princess of Moonbrook				Victor Hoffman										Hoss Delgado					Midori	Midori	Judy Nails	Lars Ulrich	Kurt Cobain							Vader	Blue (Hot Shots Golf)	Falcon (Hot Shots Golf)	Alex (Hot Shots Golf)	Izzak (Hot Shots Golf)		Green Lantern (Hal Jordan)	
				Ai Rin								Sphere				Chipper Jones	Kurt Schilling	Jerry Rice	Jaromir Jagr								Uranus (Toshinden)	Ronron	Shizuku Fuji			Usopp		Card Guard			Kon	Nemu Kurotsuchi	Kai (Bleach)	Izuru Kira	Orihime Inoue	Kisuke Urahara	Rukia Kuchiki	Hollow Ichigo	Renji Abarai	Kisuke Urahara	Sōsuke Aizen	Uranus the Chimera					Prince Bomber						Tank Dempsey	Billy Handsome			Hauzer	Iori Yagami	Maki Genryusai				Raoul ÇaRoule	Death	Blossom		Saracen (Castle Crashers)	Aeon (Castlevania)				Chris Kirkpatrick		Hyoma Kusaka		Franklin D. Roosevelt	Gajah Mada	Saladin		Sarge (ClayFighter)	Lockjaw Pooch						Lazarus			Brian Fortuna	Maksim Chmerkovskiy	Pyron	Q-Bee	Power Girl	Kokoro	Kokoro					Redman	Crazy Legs	Tego					Thursday	Kurtis	Gig	Gig		Timon					Sephiroth	Kitty Smash		King K. Rool					Nathaniel Howe		Major Metallitron	Tambourine		Gohan	Hercule		Broly	Cell	Cooler	Bills		Orifiela						Aerith Gainsborough	Aerith Gainsborough	Microman		Jia Xu		Sephiroth			James McCloud (F-Zero)	James McCloud (F-Zero)	James McCloud (F-Zero)	James McCloud (F-Zero)			Taroru Yamashita		Tung Fu Rue		Jin Chonrei	Halo Bartender	Jesse James Leija	Joe Calzaghe		Raxel (Fighting Vipers)		"Miles ""Tails"" Prower"				Calca		Gogo										Red XIII	Ladd						Lugh	Haar	Gareth (Fire Emblem)	Cord	Bat (Fist of the North Star)	Kiryl				Anthony Carmine										Jack O'Lantern					Slash	Tom Hamilton	Lars Ümlaüt	Lars Ümlaüt	Lars Ümlaüt							Sweet Tooth	T-Bone (Hot Shots Golf)	Renee (Hot Shots Golf)	L.J. (Hot Shots Golf)	Gloria (Hot Shots Golf)		Harley Quinn	
				Douglas Williamsburg								Lapis				Cliff Floyd	Derek Jeter	Jevon Kearse	Jocinda Smith								Master (Toshinden)	Replicant (Toshinden)	Nagisa Iwashiro			Naruto Uzumaki		The Carpenter			Luppi Antenor	Orihime Inoue	Kaname Tōsen	Jidanbō Ikkanzaka	Renji Abarai	Mayuri Kurotsuchi	Shinji Hirako	Ichigo Kurosaki	Rukia Kuchiki	Mayuri Kurotsuchi	Tier Harribel	Nagi the Spurious											Takeo Masaki				Hydron	Chun-Li	Morrigan Aensland				Shu Todoroki	Him	Bubbles		Royal Guard (Castle Crashers)					J.C. Chasez		Ires		Frederick II	Genghis Khan	Shaka Zulu		Thunder (ClayFighter)							Lilith (Darkstalkers)			Shanna Moakler	Derek Hough		Baby Bonnie Hood	Ursa	Leifang (DOA)	Leifang (DOA)					DMX	Crow (Def Jam)	The Game					Zetta	Laharl	Gorillian	Hugo (Disgaea)		Pumbaa					Tifa Lockhart	Layla Flame							Sigrun (Dragon Age)		Master Roshi	Tien Shinhan		Goku	Kid Buu		Burter	Cell Jr.	Dabura	Bio-Broly		Sparkie						Tifa Lockhart	Tifa Lockhart	Licca-chan		Wang Yi		Yuffie Kisaragi			Jody Summer	Jody Summer	Jody Summer	Jody Summer			Kyūichi Uno		Wolfgang Krauser		Bob Wilson		Floyd Mayweather	Roy Jones Jr.		Tokio (Fighting Vipers)						Brina		Leo Cristophe										Squall Leonhart	Lavian						Clarine (Fire Emblem)	Ike	Gatrie (Fire Emblem)	Castor	Rin (Fist of the North Star)	Yangus				Adam Fenix										General Skarr					Tom Morello	Xavier Stone	Marcus Fretshredder	Lemmy	Matt Bellamy							Sir Daniel Fortesque	Louise (Hot Shots Golf)	Louise (Hot Shots Golf)	Kate (Hot Shots Golf)	Erika (Hot Shots Golf)		Hawkgirl	
				Maximillian Caxton												Dante Robinson	Dmitri Petrovich	Jocinda Smith	Joe Sakic									Wolf (Toshinden)	Bayhou			Kakashi Hatake		Cheshire Cat			Mayuri Kurotsuchi	Renji Abarai	Kenpachi Zaraki	Jūshirō Ukitake	Rukia Kuchiki	Momo Hinamori	Shūsuke Amagai	Ikkaku Madarame	Shinji Hirako	Momo Hinamori	Tōshirō Hitsugaya												Nikolai Belinski				Kenji	Mai Shiranui	Rolento Schugerg				Nigel Gearsley	Hoss Delgado	Buttercup		Stove Face					Joey Fatone		Joachim Valentine		Mohandas Gandhi	George Washington	Tokugawa Ieyasu									Liliane Vehlendorf			Jesse DeSoto	Tony Dovolani			Doctor Fate	Lisa Hamilton	Lisa Hamilton					Funkmaster Flex	Cruz (Def Jam)	Young Jeezy						Mao (Disgaea)	Goro (Disgaea)	King Krichevskoy		Rafiki					Squall Leonhart	Leroy Swish							Velanna (Dragon Age)		Mercenary Tao	Yamcha		Goten	Krillin		Captain Ginyu	Chiaotzu	Eis Shenron	Bojack								Squall Leonhart	Yuffie Kisaragi	Aska (CY Girls)		Guo Jia		Zack Fair			Kate Alen	Kate Alen	John Tanaka	John Tanaka			Kinnikuman				Franco Bash		Shane Mosley	Anthony Mundine		Sanman (Fighting Vipers)						Leonora		Banon										Rinoa Heartilly	Luso Clemens						Rutger (Fire Emblem)	Ilyana (Fire Emblem)	Geoffrey (Fire Emblem)	Darros (Fire Emblem)	Ein (Fist of the North Star)	Angelo				Bernadette Mataki										Nergal Jr.					Xavier Stone		Matty Cannz	Marcus Fretshredder	Metalhead							Gex		T-Bone (Hot Shots Golf)	Dino (Hot Shots Golf)	Kat (Gravity Rush)		Joker	
				Bayonetta												Derek Jeter	Ernie Steele	Jorge Garcia	Joe Thornton										Leon (Toshinden)			Sakura Haruno		The Doll Maker			Momo Hinamori	Rukia Kuchiki	Kisuke Urahara	Kaien Shiba	Sajin Komamura	Orihime Inoue	Sōsuke Aizen	Izuru Kira	Shunsui Kyōraku	Orihime Inoue	Ulquiorra Cifer												Edward Richtofen				Alex (Street Fighter)	Guile	Ryu				Francesco Bernoulli	Johnny Bravo	Professor Utonium		Peasant (Castle Crashers)					Justin Timberlake		Jyuji Kabane		Genghis Khan	Gustavus Adolphus										Lyner Barsett			Laila Ali	Kym Johnson			Felix Faust	Ryu Hayabusa	Ryu Hayabusa					Manny (Def Jam)	D-Mob	Big Herc						Marjoly	Hanako	Kurtis		Woody					Ultimecia	Mixy Trix							Sketch (Dragon Age)		Nam (Dragon Ball)			Guldo	Kuriza		Cell	Cooler	Frieza	Borgos								Rinoa Heartilly	Quistis Trepe	Megatron		Yue Jin					Leon (F-Zero)	Leon (F-Zero)	Kate Alen	Kate Alen							Billy Kane		Miguel Cotto	Bernard Hopkins		Jane (Fighting Vipers)						Biggs (Final Fantasy IV)		Biggs (Final Fantasy VI)										Seifer Almasy	Marach Galthena						Saul (Fire Emblem)	Janaff	Giffca (Fire Emblem)	Julian (Fire Emblem)	Falco (Fist of the North Star)	Platypunk				Michael Barrick										Lord Pain							Metalhead	Metalhead	Ozzy Osbourne									Ratchet	Anya (Hot Shots Golf)	Kazuma Kiryu		Killer Frost	
				Gargoyle (Anarchy Reigns)												Dmitri Petrovich	Frank Thomas	Kenny Kawaguchi	Jorge Garcia										Ten Count			Sasuke Uchiha		The Duchess			Orihime Inoue	Sajin Komamura	Kon	Kaname Tōsen	Shunsui Kyōraku	Rangiku Matsumoto	Szayelaporro Granz	Jūshirō Ukitake	Sōsuke Aizen	Renji Abarai	Uryū Ishida												Samantha Maxis				Chun-Li	Terry Bogard	Sagat				Jeff Gorvette	Mac	Mojo Jojo		Bear (Castle Crashers)					Lance Bass		Jurian		King Gilgamesh	Haile Selassie										Marlone			Maksim Chmerkovskiy	Louis van Amstel			Batman	Tina Armstrong	Tina Armstrong					Pee Wee (Def Jam)	Dan G (Def Jam)	Boyd (Def Jam)						Marona	Hero Prinny	Kyoko Needleworker		Buzz Lightyear					Laguna Loire	Pixie Dust							Tug (Dragon Age)		Ninja Murasaki			Jeice	Majin Buu		Cell Jr.	Cui	Future Trunks	Broly								Vivi Ornitier	Zidane Tribal			Li Dian					Michael Chain	Michael Chain	Leon (F-Zero)	Leon (F-Zero)							Laurence Blood		Roberto Duran	Amin Asikainen		Candy (Fighting Vipers)						Wedge (Final Fantasy IV)		Wedge (Final Fantasy VI)										Zidane Tribal	Meliadoul Tengille						Dorothy (Fire Emblem)	Jill (Fire Emblem)	Haar	Lena (Fire Emblem)	Shachi (Fist of the North Star)	Bianca Whitaker				Minh Young Kim										Demonic Pumpkin							Midori	Midori	Pandora									Jak	S. Maruyama (Hot Shots Golf)			Lex Luthor	
																Ernie Steele	Gretchen Hasselhoff	Keisha Phillips	Keisha Phillips										Zola (Toshinden)			Gaara		Mad Hatter			Rangiku Matsumoto	Shunsui Kyōraku	Kyugohanin	Kenpachi Zaraki	Suì-Fēng	Renji Abarai	Tōshirō Hitsugaya	Kaname Tōsen	Tier Harribel	Rukia Kuchiki	Yoruichi Shihōin																Urien	Zangief	Sakura Kasugano				Miguel Camino	Bloo	Him		Conehead					Ron Jeremy		Karin Koenig		Hammurabi	Harald Bluetooth										Mimi							Superman	Zack (DOA)	Momiji					Drake (Def Jam)	Doc (Def Jam)	Dae Dae						Miabel	Jennifer (Disgaea)	Laharl		Jessie					Zidane Tribal	Ross Fader							Silas Corthwaite		Oolong (Dragon Ball)			Kid Buu	Nappa		Chi-Chi	Dabura	Gohan	Bujin								Eiko Carol	Vaan			Zhou Yu					Mighty Gazelle	Mighty Gazelle	Lisa Brilliant	Lisa Brilliant							Geese Howard		Arturo Gatti	Marvelous Marvin Hagler		Picky						Ceodore Harvey		Molulu										Adelbert Steiner	Mustadio Bunansa						Sue (Fire Emblem)	Kieran (Fire Emblem)	Heather (Fire Emblem)	Nabarl (Fire Emblem)	Hyou (Fist of the North Star)	Alena				Tai Kaliso										Viking (Grim Adventures)							Nick (Guitar Hero)	Pandora	Shadow (Guitar Hero)									Z (Hot Shots Golf)	Gloria (Hot Shots Golf)			Lobo	
																Frank Thomas	Ivan Rodriguez	Kimmy Eckman	Kenny Kawaguchi										Adam (Toshinden)			Rock Lee		"Insane Child Leader
        "			Renji Abarai	Suì-Fēng	Kūkaku Shiba	Kisuke Urahara	Sōsuke Aizen	Rukia Kuchiki	Ulquiorra Cifer	Kenpachi Zaraki	Tōshirō Hitsugaya	Sajin Komamura	Reiji the Crow																Yun (Street Fighter)	Big Bear	Vega				Max Schnell	Kevin E. Levin	Fuzzy Lumpkins		Civilian (Castle Crashers)					Shannen Doherty		Kurando Inugami		Hannibal Barca	Harun al-Rashid										Misha Arsellec Lune							General Zod	Tengu	Mila (DOA)					Steel (Def Jam)	Elephant Man	Dr. Chang						Mid Boss	Kogure	Mao (Disgaea)		Emperor Zurg					Kuja	Vunda Boy							Brogan Dace		Pirate Robot			King Kai	Piccolo		Chiaotzu	Dodoria	Goku	Burter								Tidus	Ashe			Lu Xun					Mr. EAD	Mr. EAD	Lucy Liberty	Lucy Liberty							Wolfgang Krauser		Ricky Hatton	Jake LaMotta		Mahler (Fighting Vipers)						Princess Ursula		Moghan										Eiko Carol	Orran Durai						Zelots (Fire Emblem)	Largo (Fire Emblem)	Ike	Merric (Fire Emblem)	Kaioh (Fist of the North Star)	Carver				Queen Myrrah										Nergling							Ozzy Osbourne	Riki Lee	Shirley Manson										Kratos			Damian Wayne	
																Greg Vaughn	Jason Giambi	Lisa Crocket	Kimmy Eckman										Cuiling					White Rabbit			Rukia Kuchiki	Sōsuke Aizen	Mayuri Kurotsuchi	Kon	Tōshirō Hitsugaya	Sajin Komamura	Uryū Ishida	Kensei Muguruma	Ulquiorra Cifer	Shunsui Kyōraku	Ryoho the Dragon																Ingrid	Edmond Honda	Yun (Street Fighter)				Tomber	Mojo Jojo	I.M. Weasel		Fire Demon (Castle Crashers)					Tommy Lee		Laru Branshen		Hatshepsut	Hiawatha										Morrigan Aensland							Steel (DC)	Nicole-458	Rig (DOA)					Ruffneck (Def Jam)	Erick Sermon	Fast Hal						Mr. Champloo	Kurtis	Marona		Tarzan					Tidus								Jerrik Dace		Red Ribbon Army Dog Soldier			Krillin	Raditz		Cooler	Dore	Goten	Cacao								Yuna	Balthier			Sun Shangxiang					Mrs. Arrow	Mrs. Arrow	Michael Chain	Luna Ryder							Rick Strowd		Ray Leonard	Carlos Monzon		B.M. (Fighting Vipers)						Gekkou		Moguel										Tidus	Princess Ovelia Atkascha						Trec (Fire Emblem)	Lethe (Fire Emblem)	Ilyana (Fire Emblem)	Matthis (Fire Emblem)	Heart	Stella				General RAAM																	Pandora	Robert Trujillo	Skeleton													Raven (DC)	
																Gretchen Hasselhoff	Jason Kendall	Luanne Lui	Lisa Crockett										Toujin					Hellboy			Sajin Komamura	Tatsuki Arisawa	Menos Grande	Konoka Suzunami	Uryū Ishida	Shunsui Kyōraku	Yammy Llargo	Kisuke Urahara	Uryū Ishida	Suì-Fēng	Mana the Ninetail																	Kim Kaphwan	Zangief				Chuki	Monkey (Dexter's Laboratory)	I.R. Baboon		Skeleton (Castle Crashers)					Wizard Johnny		Little Snow		Huayna Capac	K'inich Janaab' Pakal										Prinny							Lex Luthor		Jacky Bryant					Sketch (Def Jam)	Fam-Lay	Fat Joe						Pleinair	Kyoko Needleworker	Nemo		Jane Porter					Jecht								Runic Golem		Shu			Majin Buu	Recoome		Cui	Frieza	Hercule	Captain Ginyu								Auron	Fran (Final Fantasy)			Gan Ning					Octoman	Octoman	Mighty Gazelle	Michael Chain							Li Xiangfei		Ricardo Mayorga	Jermain Taylor		Kumachan (Fighting Vipers)						Izayoi (Final Fantasy IV)		Mogsy										Yuna	Ramza Beoulve						Noah (Fire Emblem)	Lucia (Fire Emblem)	Janaff	Hardin (Fire Emblem)	Outlaw (Fist of the North Star)	Jessica Albert																					Riki Lee	Shirley Crowley														Shazam	
																Ichiro Suzuki	Jeff Bagwell	Maria Luna	Luanne Lui										Balga					Johann Kraus			Shinji Hirako	Tōshirō Hitsugaya	Momo Hinamori	Kūkaku Shiba	Yasutora Sado	Shūhei Hisagi	Yasutora Sado	Lisa Yadōmaru	Yasutora Sado	Tatsufusa Enjōji																		Balrog	Athena Asamiya				Daisu Tsashimi	Numbuh 1	Satan		Iceskimo					Wolfman		Lubul		Queen Isabella	Kamehameha										Raizen							Green Lantern (Hal Jordan)		Akira Yuki					Razor (Def Jam)	Flavor Flav	Gooch						Pram	Laharl	Nisa		Terk					Yuna								Ariane (Dragon Age)		Spike (Dragon Ball)			Nappa	Super Buu		Dabura	Future Gohan	Janemba	Cell								Paine	Basch fon Rosenburg			Sun Jian					Pico	Pico	Mr. EAD	Mighty Gazelle							Lao (Fatal Fury)		Shane Mosely	Sergio Mora		Pandachan						Tsukinowa		Mugmug										Auron	Rapha Galthena						Astore	Makalov (Fire Emblem)	Jill (Fire Emblem)	Wolf (Fire Emblem)		Dragonlord																					Rina	Zach Harmon														Sinestro	
																Jason Giambi	Jeromy Burnitz	Marky Dubois	Maria Luna										Atahua					Elizabeth Sherman			Shunsui Kyōraku	Uryū Ishida	Nemu Kurotsuchi	Matsuri Kudō	Yoruichi Shihōin	Suì-Fēng	Yoruichi Shihōin	Love Aikawa	Yoruichi Shihōin	Tessai Tsukabishi																		Ryo Sakazaki	Benimaru Nikaido				The Queen (Cars)	Samurai Jack	Courage the Cowardly Dog		Ninjer					Zatar the Alien		Luwenelva		Joao II	Maria I										Razeluxe Meitzen							Sinestro		Pai Chan					Zaheer (Def Jam)	Freeway	Greer						Priere	Mao (Disgaea)	Petta		Tantor					Shantotto								Finn (Dragon Age)		Staff Officer Black			Piccolo	Supreme Kai		Devilman	Future Trunks	Kid Buu	Cell Jr.								Rikku	Penelo			Taishi Ci					Roger Buster	Roger Buster	Mrs. Arrow	Mr. EAD									Ray Robinson	Kelly Pavlik		Bark the Polarbear						Zangetsu		Mogwin										Shantotto	Reis Duelar						Lilina (Fire Emblem)	Marcia (Fire Emblem)	Kieran (Fire Emblem)	Sedgar (Fire Emblem)		Patty (Dragon Quest)																					Rockubot															Solomon Grundy	
																Jason Kendall	Jocinda Smith	Michael Vick	Marky Dubois										Tau (Toshinden)					Abe Sapien			Shūhei Hisagi	Yachiru Kusajishi	Orihime Inoue	Mayuri Kurotsuchi	Yumichika Ayasegawa	Sōsuke Aizen	Zommari Rureaux	Luppi Antenor		Tōshirō Hitsugaya																		Morrigan Aensland	Chang Koehan				"Rod ""Torque"" Redline"	The Scotsman	Eustace Bagge		Pink Knight							Ernest Lyell		Julius Caesar	Maria Theresa										Rewrich Wallach									Sarah Bryant					Moses (Def Jam)	Ghostface Killah	Johnny Nunez						Prism Red	Marjoly	Pirohiko Ichimonji							Prishe								Daveth (Dragon Age)		Tambourine			Raditz	Tien Shinhan		Dodoria	Gohan	King Piccolo	Chiaotzu								Vaan				Lu Meng					Samurai Goroh	Samurai Goroh	Misaki Haruka	Mrs. Arrow									Micky Ward	Cory Spinks		Bean the Dynamite								Cosmog										Vaan							Wendy (Fire Emblem)	Mia (Fire Emblem)	Kurthnaga (Fire Emblem)	Roshea (Fire Emblem)																							Shirley Crowley															Superman	
																Jeff Bagwell	Jorge Garcia	Mikey Thomas	Martin Brodeur										Schultz (Toshinden)					Roger the Homonculus			Suì-Fēng	Yasutora Sado	Rangiku Matsumoto	Momo Hinamori		Tōshirō Hitsugaya		Mashiro Kuna		Ururu Tsumugiya																		Nakoruru	Geese Howard				Uncle Topolino	Toiletnator	Muriel Bagge		King (Castle Crashers)							M.A.K.O.		Justinian I	Mohandas Gandhi										Shurelia														Headache (Def Jam)	Havoc	Stan (Def Jam)						Raspberyl	Marona	Pleinair							Gabranth								Teyrna Eleanor Cousland		Tien Shinhan			Recoome	Trunks		Dr. Wheelo	Goku	Krillin	Chilled								Ashe				Huang Gai					Silver Neelson	Silver Neelson	Octoman	Octoman									Bernard Hopkins	Ray Robinson		Deku								Moglin										Ashe							Bath (Fire Emblem)	Mist (Fire Emblem)	Kyza (Fire Emblem)	Vyland (Fire Emblem)																							Skeleton															Wonder Woman	
																Jeff Conine	Jose Canseco	Pablo Sanchez	Mike Modano										Rachael (Toshinden)					Mr. Destructoid			Sōsuke Aizen	Yoruichi Shihōin	Renji Abarai	Nakeem Grindina		Ulquiorra Cifer		Mayuri Kurotsuchi		Uryū Ishida																		Vega	Haohmaru				Ramone (Cars)	Vilgax			Necromancer (Castle Crashers)							Melvina		Kublai Khan	Napoleon Bonaparte										Troy (Cross Edge)														Chukklez (Def Jam)	House	Troy Dollar						Rozalin	Master Big Star	Pram							Vaan								Orson Haver		Ukulele			Super Buu	Trunks		Emperor Pilaf	Goten	Majin Buu	Commander Zeun												Zhou Tai					The Skull	The Skull	Pico	Pico									Jake Lamotta	Ronald Wright		Janet (Virtua Cop 2)								Mogret										Balthier							Ogier	Mordecai (Fire Emblem)	Laura (Fire Emblem)	Wendell (Fire Emblem)																							Sting															Scorpion (Mortal Kombat)	
																Jim Thome	Juan Gonzales	Pete Wheeler	Mikey Thomas										Judgement (Toshinden)					Barack Obama			Tōshirō Hitsugaya		Ririn	Nemu Kurotsuchi		Uryū Ishida		Momo Hinamori		Yasutora Sado																		Ryuji Yamazaki	Iori Yagami				Flo (Cars)				Cult Minion							Mika Asagi		Abraham Lincoln	Nebuchadnezzar II										Vivi (Cross Edge)														Iceberg (Def Jam)	Ice-T	Wheatly (Def Jam)						Sapphire Rhodonite	Mr. Champloo	Priere							Lightning								Fenarel (Dragon Age)		Yamcha			Tien Shinhan	Vegeta		Evil Buu	Guldo	Nappa	Cooler												Ling Tong					Super Arrow	Super Arrow	Rick Wheeler	Rick Wheeler									Sugar Ray Leonard	Emanuel Augustus		Hornet (Daytona USA)								Moggie										Lightning							Fir (Fire Emblem)	Muarim	Leanne (Fire Emblem)	Rickard (Fire Emblem)																							Ted Nugent															General Zod	
																Jimmy Rollins	Ken Griffey Jr.	Peyton Manning	Pablo Sanchez										Miss Til					George W. Bush			Ulquiorra Cifer		Rukia Kuchiki	Orihime Inoue		Yachiru Kusajishi		Muramasa		Yoruichi Shihōin																		Sagat	Orochi Iori				Sheriff (Cars)				Blacksmith (Castle Crashers)							Monika Allenford		Louis XIV	Nobunaga Oda										Zelos (Blazing Souls)														Dan G (Def Jam)	Jacob (Def Jam)	Wink (Def Jam)						Taro (Disgaea)	Pauline (Disgaea)	Prism Red							Chaos (Final Fantasy)								Frandlin Ivo					Trunks	Videl		Fasha	Hatchiyack	Nuova Shenron	Cui												Sun Ce					Zoda	Zoda	Roger Buster	Roger Buster									Ray Robinson	Julio César Chávez		Rent-A-Hero																		Snow Villiers							Sin (Fire Emblem)	Naesala (Fire Emblem)	Lehran  (Fire Emblem)	Athena (Fire Emblem)																							Travis Barker																
																Jocinda Smith	Kenny Kawaguchi	Reese Worthington	Paul Kariya										Abel (Toshinden)					Mitt Romney			Ururu Tsumugiya		Sajin Komamura	Rangiku Matsumoto		Yasutora Sado		Nanao Ise		Yumichika Ayasegawa																		Rugal Bernstein	Joe Higashi				Chick Hicks				Hatty Hattington							Mue (Spectral Souls)		Mansa Musa	Otto von Bismarck										Meu (Spectral Souls)														Masa (Def Jam)	Jervis							Tink	Pleinair	Raspberyl							Cecil Harvey								Ser Gilmore					Vegeta	Yamcha		Frieza	Janemba	Obotchaman	Dabura												Sun Quan					John Tanaka	John Tanaka	Samurai Goroh	Samurai Goroh									Jermain Taylor	Kermit Cintron		Siba (Virtua Fighter)																		Sazh Katzroy							Gonzalez (Fire Emblem)	Nasir (Fire Emblem)	Leonardo (Fire Emblem)	Bantu (Fire Emblem)																							Zakk Wylde																
																Jorge Garcia	Kenny Loften	Rich Gannon	Pete Wheeler										Veil					Ron Paul			Uryū Ishida		Shrieker	Renji Abarai		Yoruichi Shihōin		Nelliel Tu Odelschwanck		Zennosuke Kurumadani																		M. Bison	Kim Kaphwan				Boost											Nagare Tessin		Mao Zedong	Pachacuti																								Arii (Def Jam)	Joe Budden							Yukimaru	Pram	Rozalin							Golbez								Gorim (Dragon Age)					Videl			Frieza Soldier	Jeice	Omega Shenron	Daiz												Xiaoqiao					Gomar	Gomar	Shioh	Shioh									Ronald Wright	Miguel Cotto		AM2 Palm Tree																		Onion Knight							Geese (Fire Emblem)	Nephenee (Fire Emblem)	Lethe (Fire Emblem)	Caesar (Fire Emblem)																																							
																Ken Griffey Jr.	Keisha Phillips	Ricky Johnson	Reese Worthington										Naru Amoh					American McGee			Yachiru Kusajishi		Shunsui Kyōraku	Retsu Unohana		Yumichika Ayasegawa		Nemu Kurotsuchi																				Geese Howard	King (Art of Fighting)				DJ (Cars)											Okita Souji		Mehmed II	Queen Isabella																								Cruz (Def Jam)	Kimora							Zetta	Priere	Tyrant Valvatorez															Jory (Dragon Age)					Yamcha			Future Gohan	Kid Buu	Pan	Dodoria												Daqiao					Phoenix (F-Zero)	Deathborn	Silver Neelsen	Silver Neelsen									Evander Holyfield	Vivian Harris		Mr. Meat																		Fighter (Final Fantasy)							Lalum (Fire Emblem)	Oliver (Fire Emblem)	Lucia (Fire Emblem)	Radd (Fire Emblem)																																							
																Kenny Kawaguchi	Kimmy Eckman	Ricky Williams	Ricky Johnson															Tim Schafer			Yammy Llargo		Shūhei Hisagi	Rukia Kuchiki				Nnoitra Gilga																				Akuma	Kyo Kusanagi				Wingo (Cars)											Orochimaru (Spectral Force)		Montezuma II	Rameses II																								Nyne (Def Jam)	Lauren (Def Jam)								Prinny Mask	Valvatorez															Jowan (Dragon Age)					Zarbon			Future Trunks	Krillin	Piccolo	Dore												Ding Feng					Princia Ramode		Super Arrow	Super Arrow									Roy Jones Jr.	Ricky Hatton																				Black Mage (Final Fantasy)							Ekhidna (Fire Emblem)	Oscar (Fire Emblem)	Lyre (Fire Emblem)	Roger (Fire Emblem)																																							
																Kiesha Phillips	Larry Walker	Ronny Dobbs	Ronny Dobbs															Will Wright			Yasutora Sado		Suì-Fēng	Sajin Komamura				Orihime Inoue																					Hibiki Takane				Snot Rod											Ovia Edis		Napoleon Bonaparte	Ramkhamhaeng																									Lil' Flip								Prism Red	Vulcanus															Mhairi (Dragon Age)								Garlic Jr.	Majin Buu	Pikkon	Dr. Myuu												Lianshi					QQQ		The Skull	The Skull									Jeff Lacy	Thomas Hearns																				White Mage (Final Fantasy)							Klein (Fire Emblem)	Petrine (Fire Emblem)	Makalov (Fire Emblem)	Jeorge (Fire Emblem)																																							
																Kimmy Eckman	Lisa Crocket	Sally Dobbs	Sally Dobbs															Ian Livingstone			Yoruichi Shihōin		Sōsuke Aizen	Seigen Suzunami				Rangiku Matsumoto																					Mai Shiranui				Victor Hugo (Cars)											Polytan		K'inich Janaab' Pakal	Sejong the Great																									Lil' Kim								Raspberyl	Zetta															Leske (Dragon Age)								General Blue	Nail	Raditz	Evil Buu												Lu Su					Don Genie		Zoda	Zoda									Antonio Tarver	Sugar Ray Leonard																				Red Mage (Final Fantasy)							Thite (Fire Emblem)	Ranulf (Fire Emblem)	Marcia (Fire Emblem)	Maria (Fire Emblem)																																							
																Lisa Crocket	Luanne Lui	Sidney Webber	Sidney Webber															John Romero			Yumichika Ayasegawa		Tatsuki Arisawa	Shawlong Koufang				Renji Abarai																					Nakoruru															Rin Sunroad		Pericles	Shaka Zulu																									Ludacris								Revya																Lily (Dragon Age)								Grandpa Gohan	Nappa	Recoome	Fasha												Han Dang					"Terry ""Digi-Boy"" Getter"												James Toney	Paulie Malignaggi																				Monk (Final Fantasy)							Elphin (Fire Emblem)	Reyson (Fire Emblem)	Meg (Fire Emblem)	Minerva (Fire Emblem)																																							
																Luanne Lui	Maria Luna	Stephanie Morgan	Stephanie Morgan															Harley					Tsukaima	Shinji Hirako				Rōjūrō Ōtoribashi																					Big Bear															Rocketbilly Redcadillac		Peter I the Great	Suleiman I																									Mack 10								Rozalin																Merrill (Dragon Age)								Gohan	Neiz	Saibaman	Frieza												Zhao Yun					Dai Goroh												Muhammad Ali	Shane Mosley																				Thief (Final Fantasy)							Bartre (Fire Emblem)	Rhys	Mia (Fire Emblem)	Linde (Fire Emblem)																																							
																Maria Luna	Mark McGwire	Terrell Davis	Steve Yzerman															Andox					Tōshirō Hitsugaya	Shiyo				Rukia Kuchiki																					Rock Howard															Ryoma Sakamoto		Qin Shi Huang	Theodora I																									Magic (Def Jam)								Salvatore the Magnificent																Mouse (Dragon Age)								Goku	Piccolo	Super 17	Future Gohan												Guan Yu					Dai Sen Gen												Chris Byrd	Victor Ortiz																											Raigh (Fire Emblem)	Rolf (Fire Emblem)	Micaiah (Fire Emblem)	Jake (Fire Emblem)																																							
																Marky Dubois	Marky Dubois	Tony Delvecchio	Tony Delvecchio															Box					Ururu Tsumugiya	Shunsui Kyōraku				Ryūken Ishida																					Rugal Bernstein															Shelley Boltiano		Ragnar Lodbrok	Willem van Oranje																									Manny (Def Jam)								Sapphire Rhodonite																Scout (Dragon Age)								Goten	Pikkon	Super Buu	Future Trunks												Zhang Fei					Lily Flyer												Joe Frazier	Manny Pacquiao																											Cath (Fire Emblem)	Shiharam (Fire Emblem)	Mist (Fire Emblem)	Midia (Fire Emblem)																																							
																Mike Piazza	Marty Cordova	Vicki Kawaguchi	Vicki Kawaguchi															Headshot					Uryū Ishida	Shūhei Hisagi				Sajin Komamura																					Ryo Sakazaki															Shizuku Mizuki		Rameses II	Wu Zetian																									Masa (Def Jam)								Se-to-oh																Soris (Dragon Age)								Guldo	Raditz	Supreme Kai	Garlic Jr.												Zhuge Liang					PJ												Sonny Liston	Oscar De La Hoya																											Milady (Fire Emblem)	Shinon (Fire Emblem)	Mordecai (Fire Emblem)	Dolph (Fire Emblem)																																							
																Mikey Thomas	Mike Piazza																	Oculus Poculus					Yachiru Kusajishi	Suì-Fēng				Senna																					Ryuhaku Todoh															Diana Silverneil		Saladin																										Meca								Shyrone																Tamlen (Dragon Age)								Hercule	Recoome	Tien Shinhan	General Rilldo												Liu Bei					Spade												Rocky Marciano	Nate Campbell																											Perceval (Fire Emblem)	Soren (Fire Emblem)	Muarim	Macellan (Fire Emblem)																																							
																Nomar Garciaparra	Mikey Thomas																	SvenGhouli					Yasutora Sado	Sōjirō Kusaka				Shinji Hirako																					Ryuji Yamazaki															Sluc		Shaka Zulu																										Memphis Bleek								Taro (Disgaea)																First Enchanter Irving								Hirudegarn	Saibaman	Trunks	Ginger (Dragon Ball)												Ma Chao																	Ken Norton	Diego Corrales																											Cecilia (Fire Emblem)	Sothe (Fire Emblem)	Naesala (Fire Emblem)	Tomas (Fire Emblem)																																							
																Pablo Sanchez	Nomar Garciaparra																	Jack Frost					Yoruichi Shihōin	Sōsuke Aizen				Shuren																					Terry Bogard															Takeru Hinata		Sitting Bull																										N.O.R.E.								Thursday																								Janemba	Salza	Uub	Gohan												Huang Zhong																	James Toney	Roberto Duran																											Sophia (Fire Emblem)	Stefan (Fire Emblem)	Nailah (Fire Emblem)	Boah (Fire Emblem)																																							
																Pete Wheeler	Pablo Sanchez																	Rabid Yeti					Yūichi Shibata	Tōshirō Hitsugaya				Shūhei Hisagi																					Vice															Tonaty (Spectral Force)		Joseph Stalin																										Nyne (Def Jam)								Tink																								Jeice	Super Buu	Vegeta	Goku												Wei Yan																	Little Mac	Arturo Gatti																											Igrene (Fire Emblem)	Tanith (Fire Emblem)	Nasir (Fire Emblem)	Horace (Fire Emblem)																																							
																Phil Nevin	Pete Wheeler																	Reindeer						Ulquiorra Cifer				Shunsui Kyōraku																					Yuri Sakazaki															Wallace (Generation of Chaos)		Suleiman																										O.E.								Vyers																								Kid Buu	Tarble	Videl	Goten												Guan Ping																	Fabolous	Robert Guerrero																											Garret (Fire Emblem)	Tauroneo (Fire Emblem)	Nealuchi	Beck (Fire Emblem)																																							
																Randy Johnson	Randy Johnson																	Amelia						Uryū Ishida				Suì-Fēng																																				Wruzel		Tokugawa Ieyasu																										Pockets								Yukimaru																								King Cold	Tien Shinhan	Yamcha	Guldo												Pang Tong																		Vinny Paz																											Fae	Tibarn (Fire Emblem)	Nephenee (Fire Emblem)	Astram																																							
																Reese Worthington	Raul Monesi																	Zhuan Zhu						Yachiru Kusajishi				Sōjirō Kusaka																																				Yuri Volte Hyuga		Queen Victoria																										Prodigy (Def Jam)								Zetta																								King Piccolo	Trunks		Hatchiyack												Yueying																		Pernell Whitaker																											Hugh (Fire Emblem)	Titania (Fire Emblem)	Nolan (Fire Emblem)	Palla (Fire Emblem)																																							
																Richie Sexson	Reese Worthington																	The Clown (Chinese Opera)						Yammy Llargo				Sōsuke Aizen																																				Zard		Wang Kon																										Henry Rollins								Rutile																								King Vegeta	Turles		Hercule												Jiang Wei																		Marco Antonio Barrera																											Zeiss	Tormod (Fire Emblem)	Oliver (Fire Emblem)	Catria (Fire Emblem)																																							
																Ricky Johnson	Ricky Johnson																	Jin Jia						Yasutora Sado				Szayelaporro Granz																																				Zelos (Blazing Souls)		George Washington																										Rome (Def Jam)								Stella Grossular																								Krillin	Vegeta		Janemba												Xingcai																		Yuriorkis Gamboa																											Douglas (Fire Emblem)	Ulki	Oscar (Fire Emblem)	Arran (Fire Emblem)																																							
																Ronny Dobbs	Ronny Dobbs																	Hu Sanniang						Yoruichi Shihōin				Tessai Tsukabishi																																				Haschen		Willem van Oranje																										Santos (Def Jam)																																Lord Slug	Videl		Jeice												Liu Shan																		Erik Morales																											Niime	Volke (Fire Emblem)	Pelleas (Fire Emblem)	Samson (Fire Emblem)																																							
																Sally Dobbs	Sally Dobbs																	Sun Wukong						Yumichika Ayasegawa				Tier Harribel																																						Zara Yaqob																										Scarface (Def Jam)																																Majin Buu	Yamcha		Kid Buu												Ma Dai																		Billy Dib																											Juno (Fire Emblem)	Zihark (Fire Emblem)	Rafiel (Fire Emblem)	Xane (Fire Emblem)																																							
																Sammy Sosa	Sammy Sosa																	Deng Ai						Yylfordt Granz				Tōshirō Hitsugaya																																																																Sean Paul																																Master Roshi	Zangya		King Cold												Guan Suo																		Fernando Montiel																											Dayan		Ranulf (Fire Emblem)	Etzel (Fire Emblem)																																							
																Shawn Green	Shawn Green																	Lei Zhenzi										Ulquiorra Cifer																																																																Shaniqua																																Mercenary Tao	Zarbon		King Piccolo												Bao Sanniang																		Jorge Arce																											Jodel (Fire Emblem)		Renning (Fire Emblem)	Est (Fire Emblem)																																							
																Sidney Webber	Sidney Webber																	Cheng Yaojin										Uryū Ishida																																																																Shawna																																Nail			King Vegeta												Xu Shu																		Nonito Donaire																											Karel (Fire Emblem)		Reyson (Fire Emblem)	Tiki (Fire Emblem)																																							
																Stephanie Morgan	Stephanie Morgan																	Bob Suicide										Yachiru Kusajishi																																																																Skull (Def Jam)																																Nam (Dragon Ball)			Kogu												Zhang Bao																																															Rhys	Lorenz (Fire Emblem)																																							
																Tim Hudson	Tony Delveccio																	GoGo Suicide										Yammy Llargo																																																																Slick Rick																																Nappa			Krillin												Guan Xing																																															Rolf (Fire Emblem)	Ymir (Fire Emblem)																																							
																Todd Helton	Tony Gwynn																	Milloux Suicide										Yasutora Sado																																																																Snowman (Def Jam)																																Nuova Shenron			Lakasei												Guan Yinping																																															Sanaki	Elice (Fire Emblem)																																							
																Tony Delveccio	Vicki Kawaguchi																	Radeo Suicide										Yoruichi Shihōin																																																																Solo (Def Jam)																																Omega Shenron			Lord Slug												Sima Yi																																															Sephiran (Fire Emblem)	Nagi (Fire Emblem)																																							
																Troy Glaus	Vladimir Guerrerro																	Venom Suicide										Yumichika Ayasegawa																																																																Starks																																Pan			Majin Buu												Sima Shi																																															Shinon (Fire Emblem)	Gotoh (Fire Emblem)																																							
																Vicki Kawaguchi																		Bruce the Muscles										Zommari Rureaux																																																																Sticky Fingaz																																Piccolo			Medamatcha												Sima Zhao																																															Sigrun (Fire Emblem)																																								
																Vladimir Guerrerro																		Wise Crackin' Joe																																																																										Stingray																																Pikkon			Nail												Deng Ai																																															Skrimir (Fire Emblem)																																								
																																		Boss Louie																																																																										Suspect																																Raditz			Nappa												Wang Yuanji																																															Soren (Fire Emblem)																																								
																																		Red Riding Hood																																																																										Teck																																Recoome			Neiz												Zhong Hui																																															Sothe (Fire Emblem)																																								
																																		Big Bad Wolf																																																																										Trejo																																Saibaman			Nicky (Dragon Ball)												Zhuge Dan																																															Stefan (Fire Emblem)																																								
																																		Melon Zombie																																																																										Trick																																Salza			Pan												Xiahou Ba																																															Tanith (Fire Emblem)																																								
																																		Amano Imp																																																																										Warren G.																																Spopovich			Paragus												Guo Huai																																															Tauroneo (Fire Emblem)																																								
																																		Falcon Reed																																																																										WC																																Super 17			Piccolo												Jia Chong																																															Tibarn (Fire Emblem)																																								
																																		Harvey Cunningham																																																																										Xzibit																																Super Buu			Pikkon												Zhang Chunhua																																															Titania (Fire Emblem)																																								
																																		Katherine Carter																																																																																																										Supreme Kai			Pui Pui												Wen Yang																																															Tormod (Fire Emblem)																																								
																																		Thomas Edison																																																																																																										Tambourine			Raditz												Diaochan																																															Ulki																																								
																																		Nikola Tesla																																																																																																										Tapion			Rasin												Lu Bu																																															Vika (Fire Emblem)																																								
																																		Ezia Pinzata																																																																																																										Tien Shinhan			Recoome												Dong Zhuo																																															Volke (Fire Emblem)																																								
																																		Edith Lizzard																																																																																																										Trunks			Saibaman												Yuan Shao																																															Volug (Fire Emblem)																																								
																																		Hua Mulan																																																																																																										Turles			Salza												Zhang Jiao																																															Zihark (Fire Emblem)																																								
																																		Pied Piper																																																																																																										Uub			Sansho												Meng Huo																																																																																							
																																		Puss-In-Boots																																																																																																										Vegeta			Shugesh												Zhurong																																																																																							
																																		Cage Cat																																																																																																										Videl			Spopovich												Zuo Ci																																																																																							
																																		Alienware Alien																																																																																																										Yajirobe			Super Buu																																																																																																			
																																																																																																																																												Yamcha			Super Mega Cannon Sigma																																																																																																			
																																																																																																																																												Zangya			Supreme Kai																																																																																																			
																																																																																																																																												Zarbon			Tapion																																																																																																			
																																																																																																																																															Tien Shinhan																																																																																																			
																																																																																																																																															Toobi																																																																																																			
																																																																																																																																															Tora																																																																																																			
																																																																																																																																															Trunks																																																																																																			
																																																																																																																																															Turles																																																																																																			
																																																																																																																																															Uub																																																																																																			
																																																																																																																																															Vegeta																																																																																																			
																																																																																																																																															Videl																																																																																																			
																																																																																																																																															Whis																																																																																																			
																																																																																																																																															Wings																																																																																																			
																																																																																																																																															Yamcha																																																																																																			
																																																																																																																																															Yamu																																																																																																			
																																																																																																																																															Zangya																																																																																																			
																																																																																																																																															Zarbon																																																																																																			
